tanggal,pelabuhan,kapal_berangkat,kapal_tiba,penumpang_naik,penumpang_turun
2021-01-01,HARAPAN,6,2,561,18
2021-01-01,KELAPA,2,4,101,96
2021-01-01,LANCANG,6,6,93,141
2021-01-01,MARINA ANCOL,3,2,213,121
2021-01-01,P. MUARA ANGKE,16,19,896,1276
2021-01-01,PARI,10,10,630,423
2021-01-01,PRAMUKA/PANGGANG,6,5,307,181
2021-01-01,SABIRA,2,0,25,0
2021-01-01,TIDUNG/PAYUNG,7,6,248,194
2021-01-01,UNTUNG JAWA,64,64,2172,2134
2021-01-02,HARAPAN,2,2,121,91
2021-01-02,KELAPA,4,3,203,103
2021-01-02,LANCANG,6,6,123,169
2021-01-02,MARINA ANCOL,4,4,182,105
2021-01-02,P. MUARA ANGKE,20,16,863,1101
2021-01-02,PARI,9,11,495,353
2021-01-02,PRAMUKA/PANGGANG,8,6,466,345
2021-01-02,SABIRA,0,1,0,5
2021-01-02,TIDUNG/PAYUNG,8,7,287,271
2021-01-02,UNTUNG JAWA,59,59,1834,1828
2021-01-03,HARAPAN,1,2,65,48
2021-01-03,KELAPA,3,3,157,242
2021-01-03,LANCANG,6,6,152,121
2021-01-03,MARINA ANCOL,8,6,265,64
2021-01-03,P. MUARA ANGKE,11,15,277,1033
2021-01-03,PARI,8,10,500,157
2021-01-03,PRAMUKA/PANGGANG,5,5,252,302
2021-01-03,SABIRA,0,0,0,0
2021-01-03,TIDUNG/PAYUNG,7,6,318,64
2021-01-03,UNTUNG JAWA,40,40,1285,1178
2021-01-04,HARAPAN,1,4,57,387
2021-01-04,KELAPA,3,3,108,188
2021-01-04,LANCANG,6,6,88,102
2021-01-04,MARINA ANCOL,3,3,32,86
2021-01-04,P. MUARA ANGKE,10,6,340,231
2021-01-04,PARI,7,7,152,147
2021-01-04,PRAMUKA/PANGGANG,5,7,208,306
2021-01-04,SABIRA,0,2,0,35
2021-01-04,TIDUNG/PAYUNG,5,5,65,111
2021-01-04,UNTUNG JAWA,10,10,151,136
2021-01-05,HARAPAN,4,1,381,24
2021-01-05,KELAPA,4,3,143,160
2021-01-05,LANCANG,6,6,64,63
2021-01-05,MARINA ANCOL,3,3,34,20
2021-01-05,P. MUARA ANGKE,6,8,172,204
2021-01-05,PARI,4,5,116,74
2021-01-05,PRAMUKA/PANGGANG,7,5,230,202
2021-01-05,SABIRA,0,1,0,18
2021-01-05,TIDUNG/PAYUNG,5,5,47,48
2021-01-05,UNTUNG JAWA,9,9,101,101
2021-01-06,HARAPAN,1,2,30,19
2021-01-06,KELAPA,2,4,106,115
2021-01-06,LANCANG,6,6,65,55
2021-01-06,MARINA ANCOL,3,3,72,15
2021-01-06,P. MUARA ANGKE,8,6,213,282
2021-01-06,PARI,4,4,115,83
2021-01-06,PRAMUKA/PANGGANG,5,5,93,233
2021-01-06,SABIRA,1,0,15,0
2021-01-06,TIDUNG/PAYUNG,5,5,95,58
2021-01-06,UNTUNG JAWA,11,11,160,131
2021-01-07,HARAPAN,1,1,5,10
2021-01-07,KELAPA,4,3,97,120
2021-01-07,LANCANG,6,6,38,50
2021-01-07,MARINA ANCOL,2,2,4,20
2021-01-07,P. MUARA ANGKE,6,8,121,127
2021-01-07,PARI,4,4,49,42
2021-01-07,PRAMUKA/PANGGANG,6,6,104,143
2021-01-07,SABIRA,0,1,0,7
2021-01-07,TIDUNG/PAYUNG,5,5,36,31
2021-01-07,UNTUNG JAWA,10,10,100,104
2021-01-08,HARAPAN,1,2,8,12
2021-01-08,KELAPA,3,3,110,86
2021-01-08,LANCANG,6,6,46,58
2021-01-08,MARINA ANCOL,4,4,14,27
2021-01-08,P. MUARA ANGKE,6,13,271,176
2021-01-08,PARI,4,4,88,68
2021-01-08,PRAMUKA/PANGGANG,5,5,109,93
2021-01-08,SABIRA,2,1,21,8
2021-01-08,TIDUNG/PAYUNG,5,5,36,91
2021-01-08,UNTUNG JAWA,9,9,71,70
2021-01-09,HARAPAN,1,1,10,10
2021-01-09,KELAPA,3,3,78,81
2021-01-09,LANCANG,6,6,68,78
2021-01-09,MARINA ANCOL,3,4,8,73
2021-01-09,P. MUARA ANGKE,16,5,807,83
2021-01-09,PARI,5,6,57,251
2021-01-09,PRAMUKA/PANGGANG,5,5,122,111
2021-01-09,SABIRA,0,1,0,7
2021-01-09,TIDUNG/PAYUNG,4,6,19,192
2021-01-09,UNTUNG JAWA,12,12,194,209
2021-01-10,HARAPAN,2,1,8,29
2021-01-10,KELAPA,3,3,62,47
2021-01-10,LANCANG,6,6,66,64
2021-01-10,MARINA ANCOL,5,4,108,22
2021-01-10,P. MUARA ANGKE,5,14,172,743
2021-01-10,PARI,7,5,298,67
2021-01-10,PRAMUKA/PANGGANG,5,5,115,105
2021-01-10,SABIRA,1,1,2,7
2021-01-10,TIDUNG/PAYUNG,6,5,214,57
2021-01-10,UNTUNG JAWA,19,19,499,484
2021-01-11,HARAPAN,3,2,107,88
2021-01-11,KELAPA,4,3,58,90
2021-01-11,LANCANG,6,6,63,51
2021-01-11,MARINA ANCOL,2,2,1,20
2021-01-11,P. MUARA ANGKE,9,7,187,241
2021-01-11,PARI,5,4,94,76
2021-01-11,PRAMUKA/PANGGANG,5,5,73,208
2021-01-11,SABIRA,1,1,4,4
2021-01-11,TIDUNG/PAYUNG,5,5,53,51
2021-01-11,UNTUNG JAWA,10,10,182,166
2021-01-12,HARAPAN,2,1,99,10
2021-01-12,KELAPA,3,3,69,118
2021-01-12,LANCANG,6,6,34,35
2021-01-12,MARINA ANCOL,3,3,7,11
2021-01-12,P. MUARA ANGKE,8,7,171,140
2021-01-12,PARI,4,5,48,37
2021-01-12,PRAMUKA/PANGGANG,6,6,209,105
2021-01-12,SABIRA,1,1,8,8
2021-01-12,TIDUNG/PAYUNG,4,4,42,53
2021-01-12,UNTUNG JAWA,9,9,116,107
2021-01-13,HARAPAN,1,3,6,49
2021-01-13,KELAPA,3,3,41,83
2021-01-13,LANCANG,6,6,44,33
2021-01-13,MARINA ANCOL,2,2,9,4
2021-01-13,P. MUARA ANGKE,8,6,126,145
2021-01-13,PARI,2,2,46,33
2021-01-13,PRAMUKA/PANGGANG,5,5,73,169
2021-01-13,SABIRA,1,1,6,5
2021-01-13,TIDUNG/PAYUNG,5,5,43,32
2021-01-13,UNTUNG JAWA,3,3,2,0
2021-01-14,HARAPAN,2,1,12,2
2021-01-14,KELAPA,3,2,78,51
2021-01-14,LANCANG,6,6,49,29
2021-01-14,MARINA ANCOL,0,1,0,2
2021-01-14,P. MUARA ANGKE,6,7,100,142
2021-01-14,PARI,5,4,54,37
2021-01-14,PRAMUKA/PANGGANG,6,6,123,116
2021-01-14,SABIRA,0,1,0,5
2021-01-14,TIDUNG/PAYUNG,4,5,20,17
2021-01-14,UNTUNG JAWA,8,8,66,63
2021-01-15,HARAPAN,1,2,17,17
2021-01-15,KELAPA,4,4,80,106
2021-01-15,LANCANG,5,5,28,52
2021-01-15,MARINA ANCOL,1,2,0,14
2021-01-15,P. MUARA ANGKE,5,8,136,144
2021-01-15,PARI,5,4,51,71
2021-01-15,PRAMUKA/PANGGANG,5,5,81,98
2021-01-15,SABIRA,2,0,18,0
2021-01-15,TIDUNG/PAYUNG,5,5,30,41
2021-01-15,UNTUNG JAWA,7,7,67,63
2021-01-16,HARAPAN,2,1,26,13
2021-01-16,KELAPA,3,3,65,42
2021-01-16,LANCANG,6,6,47,61
2021-01-16,MARINA ANCOL,3,3,16,13
2021-01-16,P. MUARA ANGKE,11,4,399,68
2021-01-16,PARI,4,5,27,73
2021-01-16,PRAMUKA/PANGGANG,6,5,120,70
2021-01-16,SABIRA,0,1,0,11
2021-01-16,TIDUNG/PAYUNG,3,5,13,196
2021-01-16,UNTUNG JAWA,11,11,115,125
2021-01-17,HARAPAN,3,2,23,150
2021-01-17,KELAPA,3,3,71,86
2021-01-17,LANCANG,6,6,72,37
2021-01-17,MARINA ANCOL,3,3,7,15
2021-01-17,P. MUARA ANGKE,4,9,87,365
2021-01-17,PARI,4,4,107,25
2021-01-17,PRAMUKA/PANGGANG,5,5,149,89
2021-01-17,SABIRA,0,0,0,0
2021-01-17,TIDUNG/PAYUNG,6,4,152,25
2021-01-17,UNTUNG JAWA,12,12,219,227
2021-01-18,HARAPAN,2,5,105,88
2021-01-18,KELAPA,4,5,51,75
2021-01-18,LANCANG,4,4,37,35
2021-01-18,MARINA ANCOL,3,2,16,5
2021-01-18,P. MUARA ANGKE,7,6,129,96
2021-01-18,PARI,2,2,42,19
2021-01-18,PRAMUKA/PANGGANG,5,6,99,202
2021-01-18,SABIRA,1,1,12,39
2021-01-18,TIDUNG/PAYUNG,0,0,0,0
2021-01-18,UNTUNG JAWA,2,2,0,0
2021-01-19,HARAPAN,4,2,98,16
2021-01-19,KELAPA,4,3,69,52
2021-01-19,LANCANG,3,3,25,36
2021-01-19,MARINA ANCOL,3,3,14,14
2021-01-19,P. MUARA ANGKE,5,2,66,37
2021-01-19,PARI,3,3,33,17
2021-01-19,PRAMUKA/PANGGANG,6,5,263,147
2021-01-19,SABIRA,0,0,0,0
2021-01-19,TIDUNG/PAYUNG,0,0,0,0
2021-01-19,UNTUNG JAWA,0,0,0,0
2021-01-20,HARAPAN,1,2,12,15
2021-01-20,KELAPA,3,4,85,111
2021-01-20,LANCANG,5,5,33,19
2021-01-20,MARINA ANCOL,2,2,18,18
2021-01-20,P. MUARA ANGKE,5,5,75,61
2021-01-20,PARI,5,5,25,26
2021-01-20,PRAMUKA/PANGGANG,6,6,109,210
2021-01-20,SABIRA,2,0,22,0
2021-01-20,TIDUNG/PAYUNG,4,4,19,14
2021-01-20,UNTUNG JAWA,5,5,4,3
2021-01-21,HARAPAN,1,2,9,36
2021-01-21,KELAPA,3,3,78,91
2021-01-21,LANCANG,6,6,35,23
2021-01-21,MARINA ANCOL,3,3,6,6
2021-01-21,P. MUARA ANGKE,5,5,90,74
2021-01-21,PARI,4,4,34,14
2021-01-21,PRAMUKA/PANGGANG,5,5,178,120
2021-01-21,SABIRA,4,2,63,38
2021-01-21,TIDUNG/PAYUNG,4,4,6,7
2021-01-21,UNTUNG JAWA,8,8,48,45
2021-01-22,HARAPAN,2,2,17,19
2021-01-22,KELAPA,3,3,90,96
2021-01-22,LANCANG,5,5,35,27
2021-01-22,MARINA ANCOL,3,3,6,5
2021-01-22,P. MUARA ANGKE,4,6,78,64
2021-01-22,PARI,5,4,15,14
2021-01-22,PRAMUKA/PANGGANG,5,5,84,71
2021-01-22,SABIRA,0,1,0,7
2021-01-22,TIDUNG/PAYUNG,4,4,10,11
2021-01-22,UNTUNG JAWA,7,7,38,48
2021-01-23,HARAPAN,1,2,6,16
2021-01-23,KELAPA,3,2,108,85
2021-01-23,LANCANG,6,6,33,42
2021-01-23,MARINA ANCOL,3,3,11,34
2021-01-23,P. MUARA ANGKE,7,4,221,57
2021-01-23,PARI,3,4,11,31
2021-01-23,PRAMUKA/PANGGANG,6,5,129,85
2021-01-23,SABIRA,1,0,14,0
2021-01-23,TIDUNG/PAYUNG,4,4,7,27
2021-01-23,UNTUNG JAWA,9,9,108,80
2021-01-24,HARAPAN,4,1,36,11
2021-01-24,KELAPA,4,4,77,87
2021-01-24,LANCANG,4,4,41,42
2021-01-24,MARINA ANCOL,2,2,25,6
2021-01-24,P. MUARA ANGKE,2,6,43,146
2021-01-24,PARI,3,3,26,12
2021-01-24,PRAMUKA/PANGGANG,5,5,138,120
2021-01-24,SABIRA,0,0,0,0
2021-01-24,TIDUNG/PAYUNG,1,1,0,0
2021-01-24,UNTUNG JAWA,0,0,0,0
2021-01-25,HARAPAN,1,6,12,101
2021-01-25,KELAPA,2,4,103,197
2021-01-25,LANCANG,6,6,31,44
2021-01-25,MARINA ANCOL,3,3,8,18
2021-01-25,P. MUARA ANGKE,7,5,136,122
2021-01-25,PARI,4,4,23,17
2021-01-25,PRAMUKA/PANGGANG,5,5,77,290
2021-01-25,SABIRA,0,2,0,34
2021-01-25,TIDUNG/PAYUNG,4,4,22,24
2021-01-25,UNTUNG JAWA,8,8,94,78
2021-01-26,HARAPAN,6,1,186,15
2021-01-26,KELAPA,4,2,73,70
2021-01-26,LANCANG,6,6,44,26
2021-01-26,MARINA ANCOL,3,3,8,10
2021-01-26,P. MUARA ANGKE,5,6,86,110
2021-01-26,PARI,4,4,9,15
2021-01-26,PRAMUKA/PANGGANG,7,5,279,201
2021-01-26,SABIRA,1,0,19,0
2021-01-26,TIDUNG/PAYUNG,4,4,17,13
2021-01-26,UNTUNG JAWA,9,9,41,52
2021-01-27,HARAPAN,1,4,13,96
2021-01-27,KELAPA,4,5,102,125
2021-01-27,LANCANG,6,6,47,16
2021-01-27,MARINA ANCOL,2,2,7,6
2021-01-27,P. MUARA ANGKE,6,4,116,62
2021-01-27,PARI,4,4,26,31
2021-01-27,PRAMUKA/PANGGANG,5,4,159,149
2021-01-27,SABIRA,0,1,0,3
2021-01-27,TIDUNG/PAYUNG,4,4,8,16
2021-01-27,UNTUNG JAWA,8,8,54,55
2021-01-28,HARAPAN,1,1,29,10
2021-01-28,KELAPA,3,3,63,59
2021-01-28,LANCANG,6,6,39,32
2021-01-28,MARINA ANCOL,2,3,2,13
2021-01-28,P. MUARA ANGKE,5,5,53,86
2021-01-28,PARI,5,5,37,24
2021-01-28,PRAMUKA/PANGGANG,6,5,166,128
2021-01-28,SABIRA,1,0,17,0
2021-01-28,TIDUNG/PAYUNG,4,4,11,10
2021-01-28,UNTUNG JAWA,7,7,39,49
2021-01-29,HARAPAN,1,1,29,29
2021-01-29,KELAPA,4,5,67,88
2021-01-29,LANCANG,5,5,42,22
2021-01-29,MARINA ANCOL,3,3,7,13
2021-01-29,P. MUARA ANGKE,3,7,100,109
2021-01-29,PARI,6,4,22,44
2021-01-29,PRAMUKA/PANGGANG,5,5,106,91
2021-01-29,SABIRA,0,1,0,21
2021-01-29,TIDUNG/PAYUNG,4,4,16,13
2021-01-29,UNTUNG JAWA,4,4,5,3
2021-01-30,HARAPAN,2,1,27,12
2021-01-30,KELAPA,4,4,116,55
2021-01-30,LANCANG,6,6,48,49
2021-01-30,MARINA ANCOL,3,3,7,14
2021-01-30,P. MUARA ANGKE,8,3,285,47
2021-01-30,PARI,5,6,32,100
2021-01-30,PRAMUKA/PANGGANG,5,5,150,119
2021-01-30,SABIRA,0,1,0,21
2021-01-30,TIDUNG/PAYUNG,4,5,6,48
2021-01-30,UNTUNG JAWA,4,4,2,2
2021-01-31,HARAPAN,2,4,41,198
2021-01-31,KELAPA,3,5,60,161
2021-01-31,LANCANG,6,6,61,56
2021-01-31,MARINA ANCOL,3,3,35,18
2021-01-31,P. MUARA ANGKE,4,7,88,246
2021-01-31,PARI,5,5,164,55
2021-01-31,PRAMUKA/PANGGANG,5,5,126,263
2021-01-31,SABIRA,0,0,0,0
2021-01-31,TIDUNG/PAYUNG,5,5,30,15
2021-01-31,UNTUNG JAWA,6,6,68,66
2021-02-01,HARAPAN,1,1,4,4
2021-02-01,KELAPA,5,4,73,39
2021-02-01,LANCANG,5,5,30,36
2021-02-01,MARINA ANCOL,3,3,12,21
2021-02-01,P. MUARA ANGKE,6,4,96,86
2021-02-01,PARI,4,4,33,27
2021-02-01,PRAMUKA/PANGGANG,6,4,82,61
2021-02-01,SABIRA,0,1,0,9
2021-02-01,TIDUNG/PAYUNG,4,4,18,21
2021-02-01,UNTUNG JAWA,7,7,58,61
2021-02-02,HARAPAN,1,2,4,12
2021-02-02,KELAPA,3,6,62,73
2021-02-02,LANCANG,5,5,31,29
2021-02-02,MARINA ANCOL,2,2,0,9
2021-02-02,P. MUARA ANGKE,4,5,79,81
2021-02-02,PARI,4,4,25,13
2021-02-02,PRAMUKA/PANGGANG,4,5,73,55
2021-02-02,SABIRA,1,1,4,3
2021-02-02,TIDUNG/PAYUNG,4,4,10,18
2021-02-02,UNTUNG JAWA,7,7,26,32
2021-02-03,HARAPAN,3,2,23,6
2021-02-03,KELAPA,3,2,31,110
2021-02-03,LANCANG,6,6,44,43
2021-02-03,MARINA ANCOL,1,1,3,10
2021-02-03,P. MUARA ANGKE,5,4,113,57
2021-02-03,PARI,5,5,27,23
2021-02-03,PRAMUKA/PANGGANG,5,4,75,68
2021-02-03,SABIRA,2,1,11,8
2021-02-03,TIDUNG/PAYUNG,4,4,16,28
2021-02-03,UNTUNG JAWA,4,4,3,2
2021-02-04,HARAPAN,1,4,6,304
2021-02-04,KELAPA,4,5,78,98
2021-02-04,LANCANG,5,5,46,30
2021-02-04,MARINA ANCOL,2,2,8,16
2021-02-04,P. MUARA ANGKE,4,6,125,128
2021-02-04,PARI,5,5,36,36
2021-02-04,PRAMUKA/PANGGANG,5,8,76,309
2021-02-04,SABIRA,0,1,0,7
2021-02-04,TIDUNG/PAYUNG,4,4,19,23
2021-02-04,UNTUNG JAWA,7,7,49,44
2021-02-05,HARAPAN,4,2,312,12
2021-02-05,KELAPA,4,4,89,83
2021-02-05,LANCANG,6,6,47,39
2021-02-05,MARINA ANCOL,1,2,0,2
2021-02-05,P. MUARA ANGKE,5,6,166,108
2021-02-05,PARI,5,5,35,55
2021-02-05,PRAMUKA/PANGGANG,9,5,392,110
2021-02-05,SABIRA,1,0,15,0
2021-02-05,TIDUNG/PAYUNG,3,3,19,27
2021-02-05,UNTUNG JAWA,4,4,8,1
2021-02-06,HARAPAN,1,4,6,23
2021-02-06,KELAPA,3,4,118,72
2021-02-06,LANCANG,4,4,54,77
2021-02-06,MARINA ANCOL,3,3,14,22
2021-02-06,P. MUARA ANGKE,5,2,249,71
2021-02-06,PARI,1,2,24,63
2021-02-06,PRAMUKA/PANGGANG,5,6,76,100
2021-02-06,SABIRA,0,1,0,7
2021-02-06,TIDUNG/PAYUNG,1,2,0,52
2021-02-06,UNTUNG JAWA,0,0,0,0
2021-02-07,HARAPAN,2,1,3,8
2021-02-07,KELAPA,3,3,69,71
2021-02-07,LANCANG,4,4,77,0
2021-02-07,MARINA ANCOL,3,3,57,7
2021-02-07,P. MUARA ANGKE,2,4,45,216
2021-02-07,PARI,3,2,102,18
2021-02-07,PRAMUKA/PANGGANG,6,5,81,128
2021-02-07,SABIRA,1,0,4,0
2021-02-07,TIDUNG/PAYUNG,1,1,0,0
2021-02-07,UNTUNG JAWA,2,2,23,23
2021-02-08,HARAPAN,1,1,7,0
2021-02-08,KELAPA,4,4,72,51
2021-02-08,LANCANG,1,1,28,0
2021-02-08,MARINA ANCOL,4,4,37,21
2021-02-08,P. MUARA ANGKE,5,1,110,24
2021-02-08,PARI,2,2,13,22
2021-02-08,PRAMUKA/PANGGANG,5,6,82,56
2021-02-08,SABIRA,0,1,0,7
2021-02-08,TIDUNG/PAYUNG,1,3,0,51
2021-02-08,UNTUNG JAWA,0,0,0,0
2021-02-09,HARAPAN,2,1,19,2
2021-02-09,KELAPA,5,4,74,51
2021-02-09,LANCANG,5,5,20,22
2021-02-09,MARINA ANCOL,2,2,4,6
2021-02-09,P. MUARA ANGKE,3,5,58,88
2021-02-09,PARI,4,4,34,27
2021-02-09,PRAMUKA/PANGGANG,7,5,65,71
2021-02-09,SABIRA,1,0,14,0
2021-02-09,TIDUNG/PAYUNG,4,4,18,9
2021-02-09,UNTUNG JAWA,6,6,46,33
2021-02-10,HARAPAN,4,1,30,17
2021-02-10,KELAPA,3,4,54,95
2021-02-10,LANCANG,6,5,19,18
2021-02-10,MARINA ANCOL,3,3,11,9
2021-02-10,P. MUARA ANGKE,6,4,85,81
2021-02-10,PARI,5,5,34,32
2021-02-10,PRAMUKA/PANGGANG,5,5,74,112
2021-02-10,SABIRA,0,0,0,0
2021-02-10,TIDUNG/PAYUNG,4,5,7,18
2021-02-10,UNTUNG JAWA,6,6,36,35
2021-02-11,HARAPAN,2,6,25,265
2021-02-11,KELAPA,4,3,62,62
2021-02-11,LANCANG,6,6,31,28
2021-02-11,MARINA ANCOL,3,3,5,22
2021-02-11,P. MUARA ANGKE,4,6,82,127
2021-02-11,PARI,4,4,34,18
2021-02-11,PRAMUKA/PANGGANG,5,11,65,418
2021-02-11,SABIRA,0,1,0,12
2021-02-11,TIDUNG/PAYUNG,5,4,24,14
2021-02-11,UNTUNG JAWA,6,6,39,40
2021-02-12,HARAPAN,3,0,307,0
2021-02-12,KELAPA,3,5,52,117
2021-02-12,LANCANG,6,6,31,44
2021-02-12,MARINA ANCOL,2,2,1,76
2021-02-12,P. MUARA ANGKE,6,6,315,63
2021-02-12,PARI,7,7,32,136
2021-02-12,PRAMUKA/PANGGANG,7,6,328,73
2021-02-12,SABIRA,1,0,9,0
2021-02-12,TIDUNG/PAYUNG,4,5,12,63
2021-02-12,UNTUNG JAWA,6,6,25,32
2021-02-13,HARAPAN,1,4,14,25
2021-02-13,KELAPA,5,4,82,80
2021-02-13,LANCANG,6,6,69,58
2021-02-13,MARINA ANCOL,2,2,42,40
2021-02-13,P. MUARA ANGKE,7,4,262,91
2021-02-13,PARI,6,6,73,84
2021-02-13,PRAMUKA/PANGGANG,6,8,64,132
2021-02-13,SABIRA,0,1,0,10
2021-02-13,TIDUNG/PAYUNG,4,5,17,41
2021-02-13,UNTUNG JAWA,6,6,35,43
2021-02-14,HARAPAN,0,3,0,2
2021-02-14,KELAPA,3,4,42,88
2021-02-14,LANCANG,6,6,79,43
2021-02-14,MARINA ANCOL,3,3,150,11
2021-02-14,P. MUARA ANGKE,4,6,145,203
2021-02-14,PARI,7,7,174,58
2021-02-14,PRAMUKA/PANGGANG,6,5,87,54
2021-02-14,SABIRA,1,0,4,0
2021-02-14,TIDUNG/PAYUNG,5,4,55,23
2021-02-14,UNTUNG JAWA,7,7,49,52
2021-02-15,HARAPAN,3,1,13,7
2021-02-15,KELAPA,3,3,46,58
2021-02-15,LANCANG,6,6,53,47
2021-02-15,MARINA ANCOL,2,2,17,34
2021-02-15,P. MUARA ANGKE,7,4,149,80
2021-02-15,PARI,5,5,38,29
2021-02-15,PRAMUKA/PANGGANG,6,5,42,65
2021-02-15,SABIRA,0,3,0,21
2021-02-15,TIDUNG/PAYUNG,4,5,15,30
2021-02-15,UNTUNG JAWA,6,6,47,38
2021-02-16,HARAPAN,2,3,35,67
2021-02-16,KELAPA,4,3,42,46
2021-02-16,LANCANG,6,6,35,39
2021-02-16,MARINA ANCOL,3,3,18,17
2021-02-16,P. MUARA ANGKE,4,6,150,128
2021-02-16,PARI,4,4,28,15
2021-02-16,PRAMUKA/PANGGANG,5,4,48,39
2021-02-16,SABIRA,4,1,29,10
2021-02-16,TIDUNG/PAYUNG,4,5,22,47
2021-02-16,UNTUNG JAWA,6,6,34,30
2021-02-17,HARAPAN,1,0,15,0
2021-02-17,KELAPA,1,3,29,109
2021-02-17,LANCANG,6,6,30,36
2021-02-17,MARINA ANCOL,2,3,2,21
2021-02-17,P. MUARA ANGKE,6,4,107,70
2021-02-17,PARI,4,4,12,34
2021-02-17,PRAMUKA/PANGGANG,5,5,53,87
2021-02-17,SABIRA,0,1,0,5
2021-02-17,TIDUNG/PAYUNG,5,5,38,24
2021-02-17,UNTUNG JAWA,6,6,36,35
2021-02-18,HARAPAN,1,6,37,272
2021-02-18,KELAPA,3,3,48,55
2021-02-18,LANCANG,6,6,44,25
2021-02-18,MARINA ANCOL,0,1,0,4
2021-02-18,P. MUARA ANGKE,4,5,83,102
2021-02-18,PARI,5,5,33,26
2021-02-18,PRAMUKA/PANGGANG,5,9,37,223
2021-02-18,SABIRA,1,2,4,11
2021-02-18,TIDUNG/PAYUNG,4,4,14,20
2021-02-18,UNTUNG JAWA,6,6,54,48
2021-02-19,HARAPAN,6,0,279,0
2021-02-19,KELAPA,4,3,53,51
2021-02-19,LANCANG,6,6,41,14
2021-02-19,MARINA ANCOL,3,3,9,7
2021-02-19,P. MUARA ANGKE,4,5,87,91
2021-02-19,PARI,5,4,26,21
2021-02-19,PRAMUKA/PANGGANG,7,5,307,81
2021-02-19,SABIRA,1,0,16,0
2021-02-19,TIDUNG/PAYUNG,5,4,15,15
2021-02-19,UNTUNG JAWA,4,4,7,5
2021-02-20,HARAPAN,0,3,0,25
2021-02-20,KELAPA,5,5,59,69
2021-02-20,LANCANG,4,4,17,32
2021-02-20,MARINA ANCOL,4,4,22,21
2021-02-20,P. MUARA ANGKE,4,2,264,16
2021-02-20,PARI,2,3,7,91
2021-02-20,PRAMUKA/PANGGANG,5,6,62,109
2021-02-20,SABIRA,0,1,0,10
2021-02-20,TIDUNG/PAYUNG,1,2,0,58
2021-02-20,UNTUNG JAWA,2,2,26,26
2021-02-21,HARAPAN,1,1,3,6
2021-02-21,KELAPA,4,3,78,55
2021-02-21,LANCANG,6,5,88,29
2021-02-21,MARINA ANCOL,3,3,19,8
2021-02-21,P. MUARA ANGKE,4,5,67,165
2021-02-21,PARI,4,3,94,19
2021-02-21,PRAMUKA/PANGGANG,5,5,56,49
2021-02-21,SABIRA,2,1,17,8
2021-02-21,TIDUNG/PAYUNG,5,4,56,16
2021-02-21,UNTUNG JAWA,8,8,98,80
2021-02-22,HARAPAN,1,1,4,0
2021-02-22,KELAPA,5,5,53,41
2021-02-22,LANCANG,6,6,72,41
2021-02-22,MARINA ANCOL,2,2,7,13
2021-02-22,P. MUARA ANGKE,7,4,107,104
2021-02-22,PARI,5,5,19,24
2021-02-22,PRAMUKA/PANGGANG,5,6,51,43
2021-02-22,SABIRA,0,1,0,9
2021-02-22,TIDUNG/PAYUNG,4,6,26,27
2021-02-22,UNTUNG JAWA,7,7,85,78
2021-02-23,HARAPAN,1,2,3,19
2021-02-23,KELAPA,3,3,52,57
2021-02-23,LANCANG,6,6,24,33
2021-02-23,MARINA ANCOL,1,1,9,20
2021-02-23,P. MUARA ANGKE,4,5,82,79
2021-02-23,PARI,3,3,15,12
2021-02-23,PRAMUKA/PANGGANG,5,5,51,62
2021-02-23,SABIRA,1,0,11,0
2021-02-23,TIDUNG/PAYUNG,4,4,9,10
2021-02-23,UNTUNG JAWA,7,7,47,52
2021-02-24,HARAPAN,1,1,3,1
2021-02-24,KELAPA,3,3,53,53
2021-02-24,LANCANG,6,6,44,43
2021-02-24,MARINA ANCOL,3,3,10,17
2021-02-24,P. MUARA ANGKE,5,3,89,70
2021-02-24,PARI,6,6,21,42
2021-02-24,PRAMUKA/PANGGANG,5,6,82,86
2021-02-24,SABIRA,0,0,0,0
2021-02-24,TIDUNG/PAYUNG,4,4,19,19
2021-02-24,UNTUNG JAWA,7,7,66,68
2021-02-25,HARAPAN,0,6,0,342
2021-02-25,KELAPA,4,3,37,81
2021-02-25,LANCANG,5,5,31,23
2021-02-25,MARINA ANCOL,3,3,11,8
2021-02-25,P. MUARA ANGKE,3,6,68,116
2021-02-25,PARI,6,6,32,17
2021-02-25,PRAMUKA/PANGGANG,6,6,46,214
2021-02-25,SABIRA,0,1,0,8
2021-02-25,TIDUNG/PAYUNG,4,4,16,16
2021-02-25,UNTUNG JAWA,6,6,44,49
2021-02-26,HARAPAN,4,1,358,36
2021-02-26,KELAPA,3,4,68,74
2021-02-26,LANCANG,6,6,46,24
2021-02-26,MARINA ANCOL,3,3,10,9
2021-02-26,P. MUARA ANGKE,5,7,116,125
2021-02-26,PARI,6,6,32,31
2021-02-26,PRAMUKA/PANGGANG,8,5,282,74
2021-02-26,SABIRA,1,0,10,0
2021-02-26,TIDUNG/PAYUNG,5,5,21,26
2021-02-26,UNTUNG JAWA,6,6,44,35
2021-02-27,HARAPAN,1,2,6,3
2021-02-27,KELAPA,4,3,44,48
2021-02-27,LANCANG,6,6,70,80
2021-02-27,MARINA ANCOL,3,3,24,45
2021-02-27,P. MUARA ANGKE,9,5,336,84
2021-02-27,PARI,7,7,51,91
2021-02-27,PRAMUKA/PANGGANG,6,5,79,92
2021-02-27,SABIRA,1,2,17,22
2021-02-27,TIDUNG/PAYUNG,4,5,8,97
2021-02-27,UNTUNG JAWA,8,8,73,77
2021-02-28,HARAPAN,2,0,34,0
2021-02-28,KELAPA,3,3,58,37
2021-02-28,LANCANG,6,6,76,19
2021-02-28,MARINA ANCOL,3,3,25,15
2021-02-28,P. MUARA ANGKE,5,8,213,381
2021-02-28,PARI,8,8,151,110
2021-02-28,PRAMUKA/PANGGANG,7,5,43,50
2021-02-28,SABIRA,1,0,8,0
2021-02-28,TIDUNG/PAYUNG,5,5,86,34
2021-02-28,UNTUNG JAWA,11,11,211,208
2021-03-01,HARAPAN,1,0,0,0
2021-03-01,KELAPA,4,3,56,47
2021-03-01,LANCANG,6,6,41,21
2021-03-01,MARINA ANCOL,3,3,14,30
2021-03-01,P. MUARA ANGKE,7,5,151,103
2021-03-01,PARI,5,5,31,39
2021-03-01,PRAMUKA/PANGGANG,5,5,51,112
2021-03-01,SABIRA,1,0,11,0
2021-03-01,TIDUNG/PAYUNG,5,5,17,31
2021-03-01,UNTUNG JAWA,9,9,61,63
2021-03-02,HARAPAN,1,2,3,2
2021-03-02,KELAPA,3,5,55,107
2021-03-02,LANCANG,6,6,25,24
2021-03-02,MARINA ANCOL,3,3,13,13
2021-03-02,P. MUARA ANGKE,5,5,125,109
2021-03-02,PARI,5,5,41,18
2021-03-02,PRAMUKA/PANGGANG,5,6,118,79
2021-03-02,SABIRA,0,2,0,31
2021-03-02,TIDUNG/PAYUNG,4,4,13,25
2021-03-02,UNTUNG JAWA,8,8,47,54
2021-03-03,HARAPAN,1,0,17,0
2021-03-03,KELAPA,4,3,80,69
2021-03-03,LANCANG,6,6,55,14
2021-03-03,MARINA ANCOL,3,3,11,13
2021-03-03,P. MUARA ANGKE,5,5,122,84
2021-03-03,PARI,4,4,20,19
2021-03-03,PRAMUKA/PANGGANG,6,5,90,80
2021-03-03,SABIRA,2,0,26,0
2021-03-03,TIDUNG/PAYUNG,4,4,22,18
2021-03-03,UNTUNG JAWA,8,8,95,85
2021-03-04,HARAPAN,3,2,37,66
2021-03-04,KELAPA,2,3,19,96
2021-03-04,LANCANG,6,6,38,19
2021-03-04,MARINA ANCOL,3,3,11,20
2021-03-04,P. MUARA ANGKE,4,6,121,121
2021-03-04,PARI,5,5,29,16
2021-03-04,PRAMUKA/PANGGANG,5,5,90,184
2021-03-04,SABIRA,0,1,0,3
2021-03-04,TIDUNG/PAYUNG,4,4,12,25
2021-03-04,UNTUNG JAWA,8,8,102,87
2021-03-05,HARAPAN,1,6,7,486
2021-03-05,KELAPA,5,3,75,69
2021-03-05,LANCANG,6,6,42,20
2021-03-05,MARINA ANCOL,2,3,15,42
2021-03-05,P. MUARA ANGKE,5,4,176,71
2021-03-05,PARI,4,4,31,38
2021-03-05,PRAMUKA/PANGGANG,6,9,105,379
2021-03-05,SABIRA,1,1,11,6
2021-03-05,TIDUNG/PAYUNG,5,5,16,32
2021-03-05,UNTUNG JAWA,7,7,56,65
2021-03-06,HARAPAN,5,1,491,5
2021-03-06,KELAPA,3,4,51,55
2021-03-06,LANCANG,5,5,31,28
2021-03-06,MARINA ANCOL,6,5,70,102
2021-03-06,P. MUARA ANGKE,9,4,399,96
2021-03-06,PARI,3,4,18,92
2021-03-06,PRAMUKA/PANGGANG,7,5,203,137
2021-03-06,SABIRA,0,0,0,0
2021-03-06,TIDUNG/PAYUNG,4,5,18,95
2021-03-06,UNTUNG JAWA,11,11,200,214
2021-03-07,HARAPAN,1,2,10,45
2021-03-07,KELAPA,4,3,76,48
2021-03-07,LANCANG,6,5,87,25
2021-03-07,MARINA ANCOL,3,4,105,50
2021-03-07,P. MUARA ANGKE,4,8,119,376
2021-03-07,PARI,5,4,87,38
2021-03-07,PRAMUKA/PANGGANG,5,5,97,105
2021-03-07,SABIRA,0,1,0,17
2021-03-07,TIDUNG/PAYUNG,5,4,74,18
2021-03-07,UNTUNG JAWA,15,15,309,304
2021-03-08,HARAPAN,1,1,0,8
2021-03-08,KELAPA,3,5,73,80
2021-03-08,LANCANG,6,5,44,22
2021-03-08,MARINA ANCOL,6,5,32,35
2021-03-08,P. MUARA ANGKE,7,4,153,114
2021-03-08,PARI,5,5,28,32
2021-03-08,PRAMUKA/PANGGANG,5,5,78,95
2021-03-08,SABIRA,1,0,8,0
2021-03-08,TIDUNG/PAYUNG,4,5,18,27
2021-03-08,UNTUNG JAWA,13,13,158,132
2021-03-09,HARAPAN,2,3,13,10
2021-03-09,KELAPA,4,4,73,92
2021-03-09,LANCANG,6,6,38,13
2021-03-09,MARINA ANCOL,3,3,21,25
2021-03-09,P. MUARA ANGKE,5,5,164,121
2021-03-09,PARI,4,4,19,91
2021-03-09,PRAMUKA/PANGGANG,6,5,92,77
2021-03-09,SABIRA,0,1,0,17
2021-03-09,TIDUNG/PAYUNG,4,4,19,20
2021-03-09,UNTUNG JAWA,9,9,86,96
2021-03-10,HARAPAN,2,2,9,7
2021-03-10,KELAPA,2,3,66,52
2021-03-10,LANCANG,6,6,35,23
2021-03-10,MARINA ANCOL,3,3,28,6
2021-03-10,P. MUARA ANGKE,6,7,182,114
2021-03-10,PARI,5,5,67,32
2021-03-10,PRAMUKA/PANGGANG,5,5,117,73
2021-03-10,SABIRA,1,0,12,0
2021-03-10,TIDUNG/PAYUNG,5,4,22,29
2021-03-10,UNTUNG JAWA,10,10,55,62
2021-03-11,HARAPAN,3,2,52,10
2021-03-11,KELAPA,2,2,56,70
2021-03-11,LANCANG,6,6,33,27
2021-03-11,MARINA ANCOL,2,4,13,74
2021-03-11,P. MUARA ANGKE,7,7,363,156
2021-03-11,PARI,5,5,34,109
2021-03-11,PRAMUKA/PANGGANG,5,5,69,131
2021-03-11,SABIRA,0,1,0,10
2021-03-11,TIDUNG/PAYUNG,4,5,15,99
2021-03-11,UNTUNG JAWA,16,16,308,309
2021-03-12,HARAPAN,1,6,9,441
2021-03-12,KELAPA,4,6,40,114
2021-03-12,LANCANG,6,6,31,19
2021-03-12,MARINA ANCOL,3,3,26,33
2021-03-12,P. MUARA ANGKE,5,9,236,200
2021-03-12,PARI,5,5,51,75
2021-03-12,PRAMUKA/PANGGANG,4,10,91,342
2021-03-12,SABIRA,1,2,24,19
2021-03-12,TIDUNG/PAYUNG,5,4,53,27
2021-03-12,UNTUNG JAWA,7,7,27,31
2021-03-13,HARAPAN,5,0,400,0
2021-03-13,KELAPA,4,3,61,63
2021-03-13,LANCANG,6,6,33,51
2021-03-13,MARINA ANCOL,3,3,48,53
2021-03-13,P. MUARA ANGKE,10,5,621,206
2021-03-13,PARI,5,5,106,177
2021-03-13,PRAMUKA/PANGGANG,10,5,413,108
2021-03-13,SABIRA,1,0,4,0
2021-03-13,TIDUNG/PAYUNG,4,5,15,109
2021-03-13,UNTUNG JAWA,18,18,371,336
2021-03-14,HARAPAN,0,4,0,15
2021-03-14,KELAPA,3,4,16,37
2021-03-14,LANCANG,6,6,107,23
2021-03-14,MARINA ANCOL,6,6,65,46
2021-03-14,P. MUARA ANGKE,5,10,187,624
2021-03-14,PARI,8,8,249,99
2021-03-14,PRAMUKA/PANGGANG,5,7,35,65
2021-03-14,SABIRA,0,1,0,4
2021-03-14,TIDUNG/PAYUNG,5,4,118,27
2021-03-14,UNTUNG JAWA,19,19,387,363
2021-03-15,HARAPAN,1,2,5,13
2021-03-15,KELAPA,3,1,34,1
2021-03-15,LANCANG,6,6,72,23
2021-03-15,MARINA ANCOL,3,3,31,26
2021-03-15,P. MUARA ANGKE,13,5,204,155
2021-03-15,PARI,6,6,40,58
2021-03-15,PRAMUKA/PANGGANG,2,3,2,24
2021-03-15,SABIRA,1,0,4,0
2021-03-15,TIDUNG/PAYUNG,5,5,51,31
2021-03-15,UNTUNG JAWA,8,8,91,86
2021-03-16,HARAPAN,1,1,0,8
2021-03-16,KELAPA,1,2,7,0
2021-03-16,LANCANG,6,6,52,33
2021-03-16,MARINA ANCOL,3,3,10,32
2021-03-16,P. MUARA ANGKE,5,5,112,152
2021-03-16,PARI,5,5,63,26
2021-03-16,PRAMUKA/PANGGANG,1,2,16,5
2021-03-16,SABIRA,0,0,0,0
2021-03-16,TIDUNG/PAYUNG,4,5,17,21
2021-03-16,UNTUNG JAWA,9,9,87,87
2021-03-17,HARAPAN,0,0,0,0
2021-03-17,KELAPA,2,1,15,3
2021-03-17,LANCANG,6,6,45,36
2021-03-17,MARINA ANCOL,8,3,30,38
2021-03-17,P. MUARA ANGKE,5,4,164,100
2021-03-17,PARI,5,5,50,10
2021-03-17,PRAMUKA/PANGGANG,1,0,0,0
2021-03-17,SABIRA,0,0,0,0
2021-03-17,TIDUNG/PAYUNG,4,4,20,26
2021-03-17,UNTUNG JAWA,9,9,115,130
2021-03-18,HARAPAN,2,0,15,0
2021-03-18,KELAPA,2,3,10,29
2021-03-18,LANCANG,6,6,43,18
2021-03-18,MARINA ANCOL,8,3,16,9
2021-03-18,P. MUARA ANGKE,4,6,99,133
2021-03-18,PARI,5,5,23,25
2021-03-18,PRAMUKA/PANGGANG,5,3,20,24
2021-03-18,SABIRA,0,2,0,17
2021-03-18,TIDUNG/PAYUNG,4,4,27,34
2021-03-18,UNTUNG JAWA,8,8,106,111
2021-03-19,HARAPAN,0,1,0,0
2021-03-19,KELAPA,3,2,5,11
2021-03-19,LANCANG,6,6,47,25
2021-03-19,MARINA ANCOL,7,2,37,19
2021-03-19,P. MUARA ANGKE,6,8,196,142
2021-03-19,PARI,5,4,23,48
2021-03-19,PRAMUKA/PANGGANG,1,2,0,0
2021-03-19,SABIRA,2,0,14,0
2021-03-19,TIDUNG/PAYUNG,5,4,41,22
2021-03-19,UNTUNG JAWA,8,8,79,82
2021-03-20,HARAPAN,5,1,502,16
2021-03-20,KELAPA,4,3,105,108
2021-03-20,LANCANG,6,6,64,19
2021-03-20,MARINA ANCOL,8,3,13,68
2021-03-20,P. MUARA ANGKE,11,5,570,89
2021-03-20,PARI,5,6,34,230
2021-03-20,PRAMUKA/PANGGANG,6,3,275,98
2021-03-20,SABIRA,1,0,13,0
2021-03-20,TIDUNG/PAYUNG,4,5,8,114
2021-03-20,UNTUNG JAWA,14,14,249,270
2021-03-21,HARAPAN,1,2,7,20
2021-03-21,KELAPA,2,4,87,100
2021-03-21,LANCANG,6,6,50,39
2021-03-21,MARINA ANCOL,10,5,85,22
2021-03-21,P. MUARA ANGKE,6,10,152,574
2021-03-21,PARI,9,8,363,167
2021-03-21,PRAMUKA/PANGGANG,5,5,64,118
2021-03-21,SABIRA,0,1,0,22
2021-03-21,TIDUNG/PAYUNG,5,4,97,20
2021-03-21,UNTUNG JAWA,21,21,435,434
2021-03-22,HARAPAN,2,1,19,7
2021-03-22,KELAPA,4,2,102,84
2021-03-22,LANCANG,6,6,50,25
2021-03-22,MARINA ANCOL,3,3,10,30
2021-03-22,P. MUARA ANGKE,10,5,304,119
2021-03-22,PARI,4,5,63,61
2021-03-22,PRAMUKA/PANGGANG,5,5,102,94
2021-03-22,SABIRA,1,0,13,0
2021-03-22,TIDUNG/PAYUNG,4,5,25,33
2021-03-22,UNTUNG JAWA,9,9,99,107
2021-03-23,HARAPAN,1,1,10,4
2021-03-23,KELAPA,4,3,99,106
2021-03-23,LANCANG,6,6,41,21
2021-03-23,MARINA ANCOL,3,3,30,18
2021-03-23,P. MUARA ANGKE,6,5,101,137
2021-03-23,PARI,4,4,27,48
2021-03-23,PRAMUKA/PANGGANG,5,5,87,100
2021-03-23,SABIRA,0,1,0,5
2021-03-23,TIDUNG/PAYUNG,4,4,22,25
2021-03-23,UNTUNG JAWA,9,9,71,72
2021-03-24,HARAPAN,1,1,11,31
2021-03-24,KELAPA,4,4,68,103
2021-03-24,LANCANG,6,6,47,23
2021-03-24,MARINA ANCOL,3,3,16,16
2021-03-24,P. MUARA ANGKE,6,7,122,126
2021-03-24,PARI,5,5,67,18
2021-03-24,PRAMUKA/PANGGANG,5,7,95,102
2021-03-24,SABIRA,1,0,8,0
2021-03-24,TIDUNG/PAYUNG,4,4,16,31
2021-03-24,UNTUNG JAWA,9,9,71,69
2021-03-25,HARAPAN,3,1,95,15
2021-03-25,KELAPA,3,4,91,118
2021-03-25,LANCANG,6,6,41,34
2021-03-25,MARINA ANCOL,4,4,27,14
2021-03-25,P. MUARA ANGKE,7,8,182,134
2021-03-25,PARI,5,5,45,40
2021-03-25,PRAMUKA/PANGGANG,5,5,139,106
2021-03-25,SABIRA,0,1,0,13
2021-03-25,TIDUNG/PAYUNG,4,4,17,20
2021-03-25,UNTUNG JAWA,8,8,57,56
2021-03-26,HARAPAN,2,5,17,461
2021-03-26,KELAPA,5,5,81,261
2021-03-26,LANCANG,5,5,47,24
2021-03-26,MARINA ANCOL,4,5,9,62
2021-03-26,P. MUARA ANGKE,7,14,341,167
2021-03-26,PARI,6,4,35,75
2021-03-26,PRAMUKA/PANGGANG,3,5,77,283
2021-03-26,SABIRA,1,1,8,17
2021-03-26,TIDUNG/PAYUNG,5,5,26,31
2021-03-26,UNTUNG JAWA,9,9,71,92
2021-03-27,HARAPAN,6,2,428,10
2021-03-27,KELAPA,4,4,78,112
2021-03-27,LANCANG,5,5,46,52
2021-03-27,MARINA ANCOL,4,6,66,213
2021-03-27,P. MUARA ANGKE,14,7,859,200
2021-03-27,PARI,6,8,61,307
2021-03-27,PRAMUKA/PANGGANG,6,4,303,150
2021-03-27,SABIRA,1,0,22,0
2021-03-27,TIDUNG/PAYUNG,4,7,15,186
2021-03-27,UNTUNG JAWA,18,18,407,366
2021-03-28,HARAPAN,1,2,6,5
2021-03-28,KELAPA,2,4,95,64
2021-03-28,LANCANG,6,6,93,21
2021-03-28,MARINA ANCOL,3,4,130,34
2021-03-28,P. MUARA ANGKE,7,15,270,926
2021-03-28,PARI,10,9,443,192
2021-03-28,PRAMUKA/PANGGANG,5,5,136,103
2021-03-28,SABIRA,0,1,18,0
2021-03-28,TIDUNG/PAYUNG,7,5,153,41
2021-03-28,UNTUNG JAWA,32,32,682,685
2021-03-29,HARAPAN,1,1,9,30
2021-03-29,KELAPA,4,4,52,135
2021-03-29,LANCANG,6,6,43,43
2021-03-29,MARINA ANCOL,3,3,28,24
2021-03-29,P. MUARA ANGKE,14,6,246,127
2021-03-29,PARI,4,5,66,79
2021-03-29,PRAMUKA/PANGGANG,4,5,77,152
2021-03-29,SABIRA,1,1,2,13
2021-03-29,TIDUNG/PAYUNG,4,6,20,88
2021-03-29,UNTUNG JAWA,8,8,104,80
2021-03-30,HARAPAN,1,1,7,18
2021-03-30,KELAPA,4,4,90,103
2021-03-30,LANCANG,5,5,29,18
2021-03-30,MARINA ANCOL,3,4,25,15
2021-03-30,P. MUARA ANGKE,5,7,121,123
2021-03-30,PARI,5,5,63,46
2021-03-30,PRAMUKA/PANGGANG,5,5,135,101
2021-03-30,SABIRA,1,1,15,15
2021-03-30,TIDUNG/PAYUNG,4,4,18,24
2021-03-30,UNTUNG JAWA,9,9,55,60
2021-03-31,HARAPAN,1,1,19,18
2021-03-31,KELAPA,4,4,106,153
2021-03-31,LANCANG,5,5,50,28
2021-03-31,MARINA ANCOL,3,3,17,30
2021-03-31,P. MUARA ANGKE,7,7,226,179
2021-03-31,PARI,6,6,64,60
2021-03-31,PRAMUKA/PANGGANG,5,5,110,103
2021-03-31,SABIRA,1,0,9,0
2021-03-31,TIDUNG/PAYUNG,5,4,66,24
2021-03-31,UNTUNG JAWA,10,10,48,60
2021-04-01,HARAPAN,1,0,0,0
2021-04-01,KELAPA,4,3,56,47
2021-04-01,LANCANG,6,6,38,25
2021-04-01,MARINA ANCOL,4,4,41,48
2021-04-01,P. MUARA ANGKE,7,17,278,205
2021-04-01,PARI,11,8,80,116
2021-04-01,PRAMUKA/PANGGANG,6,4,82,61
2021-04-01,SABIRA,0,1,0,9
2021-04-01,TIDUNG/PAYUNG,7,6,66,65
2021-04-01,UNTUNG JAWA,10,10,87,88
2021-04-02,HARAPAN,1,2,3,2
2021-04-02,KELAPA,3,5,55,107
2021-04-02,LANCANG,5,5,54,56
2021-04-02,MARINA ANCOL,4,6,46,262
2021-04-02,P. MUARA ANGKE,16,17,1356,261
2021-04-02,PARI,16,16,182,706
2021-04-02,PRAMUKA/PANGGANG,4,5,73,55
2021-04-02,SABIRA,1,1,4,3
2021-04-02,TIDUNG/PAYUNG,7,11,94,462
2021-04-02,UNTUNG JAWA,20,20,472,468
2021-04-03,HARAPAN,1,0,17,0
2021-04-03,KELAPA,4,3,80,69
2021-04-03,LANCANG,5,4,67,72
2021-04-03,MARINA ANCOL,7,7,201,133
2021-04-03,P. MUARA ANGKE,17,10,1269,628
2021-04-03,PARI,13,16,422,483
2021-04-03,PRAMUKA/PANGGANG,5,4,75,68
2021-04-03,SABIRA,2,1,11,8
2021-04-03,TIDUNG/PAYUNG,9,8,280,361
2021-04-03,UNTUNG JAWA,21,21,562,576
2021-04-04,HARAPAN,3,2,37,66
2021-04-04,KELAPA,2,3,19,96
2021-04-04,LANCANG,5,5,87,31
2021-04-04,MARINA ANCOL,6,7,214,82
2021-04-04,P. MUARA ANGKE,7,20,240,1572
2021-04-04,PARI,18,18,855,330
2021-04-04,PRAMUKA/PANGGANG,5,8,76,309
2021-04-04,SABIRA,0,1,0,7
2021-04-04,TIDUNG/PAYUNG,8,6,414,68
2021-04-04,UNTUNG JAWA,27,27,671,657
2021-04-05,HARAPAN,1,6,7,486
2021-04-05,KELAPA,5,3,75,69
2021-04-05,LANCANG,5,5,55,54
2021-04-05,MARINA ANCOL,3,3,20,39
2021-04-05,P. MUARA ANGKE,13,6,272,168
2021-04-05,PARI,7,8,87,102
2021-04-05,PRAMUKA/PANGGANG,9,5,392,110
2021-04-05,SABIRA,1,0,15,0
2021-04-05,TIDUNG/PAYUNG,6,6,49,63
2021-04-05,UNTUNG JAWA,9,9,118,117
2021-04-06,HARAPAN,5,1,491,5
2021-04-06,KELAPA,3,4,51,55
2021-04-06,LANCANG,5,5,43,35
2021-04-06,MARINA ANCOL,1,1,3,32
2021-04-06,P. MUARA ANGKE,7,6,223,183
2021-04-06,PARI,4,4,76,87
2021-04-06,PRAMUKA/PANGGANG,5,6,76,100
2021-04-06,SABIRA,0,1,0,7
2021-04-06,TIDUNG/PAYUNG,5,6,12,74
2021-04-06,UNTUNG JAWA,11,11,116,108
2021-04-07,HARAPAN,1,2,10,45
2021-04-07,KELAPA,4,3,76,48
2021-04-07,LANCANG,4,4,44,28
2021-04-07,MARINA ANCOL,3,3,39,31
2021-04-07,P. MUARA ANGKE,6,9,244,194
2021-04-07,PARI,9,6,95,79
2021-04-07,PRAMUKA/PANGGANG,6,5,81,128
2021-04-07,SABIRA,1,0,4,0
2021-04-07,TIDUNG/PAYUNG,6,5,42,36
2021-04-07,UNTUNG JAWA,11,11,140,141
2021-04-08,HARAPAN,1,1,0,8
2021-04-08,KELAPA,3,5,73,80
2021-04-08,LANCANG,5,5,48,22
2021-04-08,MARINA ANCOL,4,4,37,15
2021-04-08,P. MUARA ANGKE,8,8,337,257
2021-04-08,PARI,7,9,117,189
2021-04-08,PRAMUKA/PANGGANG,5,6,82,56
2021-04-08,SABIRA,0,1,0,7
2021-04-08,TIDUNG/PAYUNG,5,6,44,85
2021-04-08,UNTUNG JAWA,11,11,107,109
2021-04-09,HARAPAN,2,3,13,10
2021-04-09,KELAPA,4,4,73,92
2021-04-09,LANCANG,5,5,70,23
2021-04-09,MARINA ANCOL,4,5,34,61
2021-04-09,P. MUARA ANGKE,7,15,372,321
2021-04-09,PARI,11,9,126,218
2021-04-09,PRAMUKA/PANGGANG,7,5,65,71
2021-04-09,SABIRA,1,0,14,0
2021-04-09,TIDUNG/PAYUNG,6,6,92,77
2021-04-09,UNTUNG JAWA,10,10,98,98
2021-04-10,HARAPAN,2,2,9,7
2021-04-10,KELAPA,2,3,66,52
2021-04-10,LANCANG,6,6,52,45
2021-04-10,MARINA ANCOL,5,5,86,165
2021-04-10,P. MUARA ANGKE,18,7,1092,94
2021-04-10,PARI,14,15,216,543
2021-04-10,PRAMUKA/PANGGANG,5,5,74,112
2021-04-10,SABIRA,0,0,0,0
2021-04-10,TIDUNG/PAYUNG,6,7,64,226
2021-04-10,UNTUNG JAWA,15,15,271,315
2021-04-11,HARAPAN,3,2,52,10
2021-04-11,KELAPA,2,2,56,70
2021-04-11,LANCANG,6,6,106,39
2021-04-11,MARINA ANCOL,7,7,180,70
2021-04-11,P. MUARA ANGKE,8,16,322,1121
2021-04-11,PARI,20,19,814,451
2021-04-11,PRAMUKA/PANGGANG,5,11,65,418
2021-04-11,SABIRA,0,1,0,12
2021-04-11,TIDUNG/PAYUNG,7,6,251,79
2021-04-11,UNTUNG JAWA,33,33,1033,982
2021-04-12,HARAPAN,1,6,9,441
2021-04-12,KELAPA,4,6,40,114
2021-04-12,LANCANG,6,6,70,24
2021-04-12,MARINA ANCOL,3,3,37,30
2021-04-12,P. MUARA ANGKE,10,6,179,283
2021-04-12,PARI,7,7,159,43
2021-04-12,PRAMUKA/PANGGANG,7,6,328,73
2021-04-12,SABIRA,1,0,9,0
2021-04-12,TIDUNG/PAYUNG,5,5,64,41
2021-04-12,UNTUNG JAWA,10,10,157,144
2021-04-13,HARAPAN,5,0,400,0
2021-04-13,KELAPA,4,3,61,63
2021-04-13,LANCANG,5,5,30,15
2021-04-13,MARINA ANCOL,2,2,5,25
2021-04-13,P. MUARA ANGKE,5,5,135,96
2021-04-13,PARI,5,5,19,53
2021-04-13,PRAMUKA/PANGGANG,6,8,64,132
2021-04-13,SABIRA,0,1,0,10
2021-04-13,TIDUNG/PAYUNG,4,5,17,32
2021-04-13,UNTUNG JAWA,8,8,66,72
2021-04-14,HARAPAN,0,4,0,15
2021-04-14,KELAPA,3,4,16,37
2021-04-14,LANCANG,6,6,55,20
2021-04-14,MARINA ANCOL,3,3,5,7
2021-04-14,P. MUARA ANGKE,5,4,96,66
2021-04-14,PARI,6,6,33,57
2021-04-14,PRAMUKA/PANGGANG,6,5,87,54
2021-04-14,SABIRA,1,0,4,0
2021-04-14,TIDUNG/PAYUNG,4,4,21,11
2021-04-14,UNTUNG JAWA,8,8,47,44
2021-04-15,HARAPAN,1,2,5,13
2021-04-15,KELAPA,3,1,34,1
2021-04-15,LANCANG,6,6,35,15
2021-04-15,MARINA ANCOL,3,2,16,2
2021-04-15,P. MUARA ANGKE,4,6,114,96
2021-04-15,PARI,6,6,32,30
2021-04-15,PRAMUKA/PANGGANG,6,5,42,65
2021-04-15,SABIRA,0,3,0,21
2021-04-15,TIDUNG/PAYUNG,4,4,12,23
2021-04-15,UNTUNG JAWA,7,7,30,36
2021-04-16,HARAPAN,1,1,0,8
2021-04-16,KELAPA,1,2,7,0
2021-04-16,LANCANG,6,6,32,10
2021-04-16,MARINA ANCOL,2,1,2,5
2021-04-16,P. MUARA ANGKE,4,5,95,90
2021-04-16,PARI,5,5,25,26
2021-04-16,PRAMUKA/PANGGANG,5,4,48,39
2021-04-16,SABIRA,4,1,29,10
2021-04-16,TIDUNG/PAYUNG,5,4,20,24
2021-04-16,UNTUNG JAWA,7,7,28,44
2021-04-17,HARAPAN,0,0,0,0
2021-04-17,KELAPA,2,1,15,3
2021-04-17,LANCANG,6,6,31,22
2021-04-17,MARINA ANCOL,4,4,29,32
2021-04-17,P. MUARA ANGKE,8,4,195,100
2021-04-17,PARI,7,7,52,73
2021-04-17,PRAMUKA/PANGGANG,5,5,53,87
2021-04-17,SABIRA,0,1,0,5
2021-04-17,TIDUNG/PAYUNG,4,5,11,40
2021-04-17,UNTUNG JAWA,9,9,43,44
2021-04-18,HARAPAN,2,0,15,0
2021-04-18,KELAPA,2,3,10,29
2021-04-18,LANCANG,6,6,51,12
2021-04-18,MARINA ANCOL,3,3,16,14
2021-04-18,P. MUARA ANGKE,4,8,107,186
2021-04-18,PARI,7,7,71,36
2021-04-18,PRAMUKA/PANGGANG,5,9,37,223
2021-04-18,SABIRA,1,2,4,11
2021-04-18,TIDUNG/PAYUNG,5,4,44,21
2021-04-18,UNTUNG JAWA,9,9,56,55
2021-04-19,HARAPAN,0,1,0,0
2021-04-19,KELAPA,3,2,5,11
2021-04-19,LANCANG,6,6,36,20
2021-04-19,MARINA ANCOL,3,3,7,3
2021-04-19,P. MUARA ANGKE,8,5,123,78
2021-04-19,PARI,6,6,28,26
2021-04-19,PRAMUKA/PANGGANG,7,5,307,81
2021-04-19,SABIRA,1,0,16,0
2021-04-19,TIDUNG/PAYUNG,4,5,11,19
2021-04-19,UNTUNG JAWA,8,8,39,39
2021-04-20,HARAPAN,0,0,0,0
2021-04-20,KELAPA,1,2,0,0
2021-04-20,LANCANG,5,5,25,17
2021-04-20,MARINA ANCOL,2,2,5,13
2021-04-20,P. MUARA ANGKE,5,6,94,85
2021-04-20,PARI,5,5,17,19
2021-04-20,PRAMUKA/PANGGANG,5,6,62,109
2021-04-20,SABIRA,0,1,0,10
2021-04-20,TIDUNG/PAYUNG,4,4,10,23
2021-04-20,UNTUNG JAWA,7,7,34,37
2021-04-21,HARAPAN,0,0,0,0
2021-04-21,KELAPA,2,1,19,4
2021-04-21,LANCANG,5,5,23,12
2021-04-21,MARINA ANCOL,3,4,7,28
2021-04-21,P. MUARA ANGKE,5,4,124,67
2021-04-21,PARI,6,6,26,22
2021-04-21,PRAMUKA/PANGGANG,5,5,56,49
2021-04-21,SABIRA,2,1,17,8
2021-04-21,TIDUNG/PAYUNG,5,6,21,47
2021-04-21,UNTUNG JAWA,7,7,56,62
2021-04-22,HARAPAN,1,0,0,0
2021-04-22,KELAPA,2,2,1,0
2021-04-22,LANCANG,6,6,28,16
2021-04-22,MARINA ANCOL,2,4,3,21
2021-04-22,P. MUARA ANGKE,4,6,98,106
2021-04-22,PARI,6,7,22,24
2021-04-22,PRAMUKA/PANGGANG,5,6,51,43
2021-04-22,SABIRA,0,1,0,9
2021-04-22,TIDUNG/PAYUNG,4,5,9,17
2021-04-22,UNTUNG JAWA,8,8,43,47
2021-04-23,HARAPAN,1,0,13,0
2021-04-23,KELAPA,2,1,0,0
2021-04-23,LANCANG,6,6,42,20
2021-04-23,MARINA ANCOL,3,3,21,9
2021-04-23,P. MUARA ANGKE,4,6,90,142
2021-04-23,PARI,6,5,48,23
2021-04-23,PRAMUKA/PANGGANG,5,5,51,62
2021-04-23,SABIRA,1,0,11,0
2021-04-23,TIDUNG/PAYUNG,5,5,29,32
2021-04-23,UNTUNG JAWA,7,7,48,50
2021-04-24,HARAPAN,1,1,5,0
2021-04-24,KELAPA,1,2,0,0
2021-04-24,LANCANG,6,6,30,24
2021-04-24,MARINA ANCOL,3,3,9,18
2021-04-24,P. MUARA ANGKE,9,4,208,102
2021-04-24,PARI,7,6,22,17
2021-04-24,PRAMUKA/PANGGANG,5,6,82,86
2021-04-24,SABIRA,0,0,0,0
2021-04-24,TIDUNG/PAYUNG,5,6,13,54
2021-04-24,UNTUNG JAWA,9,9,47,60
2021-04-25,HARAPAN,0,1,0,5
2021-04-25,KELAPA,3,2,20,25
2021-04-25,LANCANG,6,6,72,22
2021-04-25,MARINA ANCOL,3,3,33,11
2021-04-25,P. MUARA ANGKE,4,8,141,202
2021-04-25,PARI,7,7,30,39
2021-04-25,PRAMUKA/PANGGANG,6,6,46,214
2021-04-25,SABIRA,0,1,0,8
2021-04-25,TIDUNG/PAYUNG,5,5,41,31
2021-04-25,UNTUNG JAWA,9,9,68,59
2021-04-26,HARAPAN,0,0,0,0
2021-04-26,KELAPA,2,3,12,0
2021-04-26,LANCANG,6,6,39,21
2021-04-26,MARINA ANCOL,2,2,6,17
2021-04-26,P. MUARA ANGKE,8,4,176,90
2021-04-26,PARI,4,4,19,16
2021-04-26,PRAMUKA/PANGGANG,8,5,282,74
2021-04-26,SABIRA,1,0,10,0
2021-04-26,TIDUNG/PAYUNG,5,5,19,38
2021-04-26,UNTUNG JAWA,8,8,41,44
2021-04-27,HARAPAN,0,0,0,0
2021-04-27,KELAPA,2,1,0,0
2021-04-27,LANCANG,6,6,22,19
2021-04-27,MARINA ANCOL,1,1,5,11
2021-04-27,P. MUARA ANGKE,4,6,125,88
2021-04-27,PARI,4,4,13,19
2021-04-27,PRAMUKA/PANGGANG,6,5,79,92
2021-04-27,SABIRA,1,2,17,22
2021-04-27,TIDUNG/PAYUNG,5,5,17,37
2021-04-27,UNTUNG JAWA,8,8,29,37
2021-04-28,HARAPAN,0,0,0,0
2021-04-28,KELAPA,2,5,20,61
2021-04-28,LANCANG,6,6,48,17
2021-04-28,MARINA ANCOL,3,3,7,14
2021-04-28,P. MUARA ANGKE,6,4,112,117
2021-04-28,PARI,6,6,21,22
2021-04-28,PRAMUKA/PANGGANG,5,5,43,50
2021-04-28,SABIRA,1,0,8,0
2021-04-28,TIDUNG/PAYUNG,5,5,26,26
2021-04-28,UNTUNG JAWA,8,8,40,27
2021-04-29,HARAPAN,1,1,0,10
2021-04-29,KELAPA,3,2,19,0
2021-04-29,LANCANG,6,6,36,25
2021-04-29,MARINA ANCOL,1,2,0,10
2021-04-29,P. MUARA ANGKE,4,6,96,171
2021-04-29,PARI,5,5,37,26
2021-04-29,PRAMUKA/PANGGANG,5,5,54,75
2021-04-29,SABIRA,0,1,0,4
2021-04-29,TIDUNG/PAYUNG,4,5,22,37
2021-04-29,UNTUNG JAWA,7,7,24,29
2021-04-30,HARAPAN,0,2,0,0
2021-04-30,KELAPA,1,2,0,0
2021-04-30,LANCANG,6,6,38,13
2021-04-30,MARINA ANCOL,3,3,16,9
2021-04-30,P. MUARA ANGKE,4,11,144,178
2021-04-30,PARI,8,6,26,43
2021-04-30,PRAMUKA/PANGGANG,5,5,62,87
2021-04-30,SABIRA,1,0,5,0
2021-04-30,TIDUNG/PAYUNG,6,5,54,34
2021-04-30,UNTUNG JAWA,7,7,31,40
2021-05-01,HARAPAN,0,0,0,0
2021-05-01,KELAPA,2,2,11,7
2021-05-01,LANCANG,6,6,52,17
2021-05-01,MARINA ANCOL,2,3,8,68
2021-05-01,P. MUARA ANGKE,13,5,569,158
2021-05-01,PARI,8,9,55,229
2021-05-01,PRAMUKA/PANGGANG,4,4,24,47
2021-05-01,SABIRA,0,0,0,0
2021-05-01,TIDUNG/PAYUNG,4,6,14,133
2021-05-01,UNTUNG JAWA,9,9,107,99
2021-05-02,HARAPAN,0,1,0,2
2021-05-02,KELAPA,1,1,0,3
2021-05-02,LANCANG,6,6,53,14
2021-05-02,MARINA ANCOL,3,3,83,8
2021-05-02,P. MUARA ANGKE,5,12,192,527
2021-05-02,PARI,9,8,239,36
2021-05-02,PRAMUKA/PANGGANG,6,4,39,17
2021-05-02,SABIRA,0,0,0,0
2021-05-02,TIDUNG/PAYUNG,6,5,140,36
2021-05-02,UNTUNG JAWA,10,10,89,104
2021-05-03,HARAPAN,1,0,0,0
2021-05-03,KELAPA,1,1,0,5
2021-05-03,LANCANG,6,6,35,27
2021-05-03,MARINA ANCOL,3,3,11,23
2021-05-03,P. MUARA ANGKE,10,4,279,138
2021-05-03,PARI,5,6,36,49
2021-05-03,PRAMUKA/PANGGANG,3,4,22,40
2021-05-03,SABIRA,0,0,0,0
2021-05-03,TIDUNG/PAYUNG,5,6,26,68
2021-05-03,UNTUNG JAWA,7,7,45,37
2021-05-04,HARAPAN,0,0,0,0
2021-05-04,KELAPA,2,2,7,3
2021-05-04,LANCANG,6,6,55,10
2021-05-04,MARINA ANCOL,3,3,13,18
2021-05-04,P. MUARA ANGKE,5,6,224,145
2021-05-04,PARI,6,6,40,45
2021-05-04,PRAMUKA/PANGGANG,3,4,12,35
2021-05-04,SABIRA,0,0,0,0
2021-05-04,TIDUNG/PAYUNG,5,5,27,33
2021-05-04,UNTUNG JAWA,8,8,73,64
2021-05-05,HARAPAN,0,0,0,0
2021-05-05,KELAPA,2,2,0,0
2021-05-05,LANCANG,6,6,25,17
2021-05-05,MARINA ANCOL,2,3,10,11
2021-05-05,P. MUARA ANGKE,6,4,254,134
2021-05-05,PARI,6,6,38,36
2021-05-05,PRAMUKA/PANGGANG,3,5,32,24
2021-05-05,SABIRA,0,0,0,0
2021-05-05,TIDUNG/PAYUNG,4,5,21,45
2021-05-05,UNTUNG JAWA,7,7,79,61
2021-05-06,HARAPAN,1,0,8,0
2021-05-06,KELAPA,2,2,0,1
2021-05-06,LANCANG,6,6,19,13
2021-05-06,MARINA ANCOL,3,3,17,14
2021-05-06,P. MUARA ANGKE,4,7,168,114
2021-05-06,PARI,7,7,38,24
2021-05-06,PRAMUKA/PANGGANG,3,4,43,56
2021-05-06,SABIRA,0,0,0,0
2021-05-06,TIDUNG/PAYUNG,5,5,24,33
2021-05-06,UNTUNG JAWA,8,8,80,71
2021-05-07,HARAPAN,0,0,0,0
2021-05-07,KELAPA,2,2,12,7
2021-05-07,LANCANG,6,6,62,23
2021-05-07,MARINA ANCOL,3,4,7,25
2021-05-07,P. MUARA ANGKE,6,7,154,115
2021-05-07,PARI,6,7,22,36
2021-05-07,PRAMUKA/PANGGANG,1,2,13,35
2021-05-07,SABIRA,0,0,0,0
2021-05-07,TIDUNG/PAYUNG,6,5,21,31
2021-05-07,UNTUNG JAWA,7,7,70,72
2021-05-08,HARAPAN,1,0,8,0
2021-05-08,KELAPA,4,3,23,9
2021-05-08,LANCANG,6,6,59,47
2021-05-08,MARINA ANCOL,3,4,17,122
2021-05-08,P. MUARA ANGKE,9,4,286,79
2021-05-08,PARI,6,8,32,108
2021-05-08,PRAMUKA/PANGGANG,3,4,20,34
2021-05-08,SABIRA,0,0,0,0
2021-05-08,TIDUNG/PAYUNG,5,6,25,146
2021-05-08,UNTUNG JAWA,7,7,73,76
2021-05-09,HARAPAN,0,1,0,11
2021-05-09,KELAPA,4,4,22,15
2021-05-09,LANCANG,6,6,65,33
2021-05-09,MARINA ANCOL,6,5,103,129
2021-05-09,P. MUARA ANGKE,4,10,181,218
2021-05-09,PARI,10,7,108,79
2021-05-09,PRAMUKA/PANGGANG,5,5,78,33
2021-05-09,SABIRA,0,0,0,0
2021-05-09,TIDUNG/PAYUNG,6,6,71,129
2021-05-09,UNTUNG JAWA,10,10,119,99
2021-05-10,HARAPAN,1,1,0,17
2021-05-10,KELAPA,6,4,21,10
2021-05-10,LANCANG,6,6,46,24
2021-05-10,MARINA ANCOL,3,3,28,37
2021-05-10,P. MUARA ANGKE,10,5,296,106
2021-05-10,PARI,6,6,41,65
2021-05-10,PRAMUKA/PANGGANG,4,3,26,11
2021-05-10,SABIRA,0,1,0,0
2021-05-10,TIDUNG/PAYUNG,6,6,49,106
2021-05-10,UNTUNG JAWA,8,8,98,83
2021-05-11,HARAPAN,0,0,0,0
2021-05-11,KELAPA,4,5,35,18
2021-05-11,LANCANG,6,6,122,34
2021-05-11,MARINA ANCOL,3,3,60,62
2021-05-11,P. MUARA ANGKE,5,15,275,108
2021-05-11,PARI,9,6,51,93
2021-05-11,PRAMUKA/PANGGANG,3,3,43,20
2021-05-11,SABIRA,0,0,0,0
2021-05-11,TIDUNG/PAYUNG,6,6,57,116
2021-05-11,UNTUNG JAWA,9,9,140,112
2021-05-12,HARAPAN,0,2,0,6
2021-05-12,KELAPA,5,6,16,15
2021-05-12,LANCANG,5,5,40,48
2021-05-12,MARINA ANCOL,6,8,81,269
2021-05-12,P. MUARA ANGKE,13,13,708,110
2021-05-12,PARI,13,13,65,388
2021-05-12,PRAMUKA/PANGGANG,3,4,25,32
2021-05-12,SABIRA,0,0,0,0
2021-05-12,TIDUNG/PAYUNG,6,8,98,267
2021-05-12,UNTUNG JAWA,9,9,154,164
2021-05-13,HARAPAN,2,1,18,19
2021-05-13,KELAPA,5,4,22,25
2021-05-13,LANCANG,6,6,134,22
2021-05-13,MARINA ANCOL,5,7,79,285
2021-05-13,P. MUARA ANGKE,13,14,770,176
2021-05-13,PARI,24,23,353,755
2021-05-13,PRAMUKA/PANGGANG,5,4,64,56
2021-05-13,SABIRA,0,2,0,0
2021-05-13,TIDUNG/PAYUNG,5,8,109,388
2021-05-13,UNTUNG JAWA,13,13,221,166
2021-05-14,HARAPAN,1,1,1,4
2021-05-14,KELAPA,3,5,34,21
2021-05-14,LANCANG,6,6,116,109
2021-05-14,MARINA ANCOL,8,8,201,477
2021-05-14,P. MUARA ANGKE,21,20,2009,627
2021-05-14,PARI,22,20,532,1009
2021-05-14,PRAMUKA/PANGGANG,3,3,32,33
2021-05-14,SABIRA,0,0,0,0
2021-05-14,TIDUNG/PAYUNG,9,13,229,711
2021-05-14,UNTUNG JAWA,24,24,769,887
2021-05-15,HARAPAN,0,0,0,0
2021-05-15,KELAPA,4,3,25,25
2021-05-15,LANCANG,6,6,99,160
2021-05-15,MARINA ANCOL,10,7,490,144
2021-05-15,P. MUARA ANGKE,21,18,1722,1450
2021-05-15,PARI,18,22,834,816
2021-05-15,PRAMUKA/PANGGANG,4,4,33,68
2021-05-15,SABIRA,0,0,0,0
2021-05-15,TIDUNG/PAYUNG,11,8,504,339
2021-05-15,UNTUNG JAWA,26,26,558,522
2021-05-16,HARAPAN,0,0,0,0
2021-05-16,KELAPA,3,4,46,29
2021-05-16,LANCANG,7,7,222,42
2021-05-16,MARINA ANCOL,6,5,397,0
2021-05-16,P. MUARA ANGKE,20,27,131,2347
2021-05-16,PARI,14,11,1201,29
2021-05-16,PRAMUKA/PANGGANG,3,3,0,3
2021-05-16,SABIRA,0,0,0,0
2021-05-16,TIDUNG/PAYUNG,16,9,791,27
2021-05-16,UNTUNG JAWA,9,9,127,105
2021-05-17,HARAPAN,2,2,0,0
2021-05-17,KELAPA,1,2,7,0
2021-05-17,LANCANG,6,6,128,54
2021-05-17,MARINA ANCOL,2,1,14,10
2021-05-17,P. MUARA ANGKE,17,8,216,395
2021-05-17,PARI,6,6,140,65
2021-05-17,PRAMUKA/PANGGANG,3,2,4,2
2021-05-17,SABIRA,0,0,0,0
2021-05-17,TIDUNG/PAYUNG,6,6,58,40
2021-05-17,UNTUNG JAWA,10,10,102,93
2021-05-18,HARAPAN,3,3,32,39
2021-05-18,KELAPA,2,1,15,3
2021-05-18,LANCANG,6,6,62,27
2021-05-18,MARINA ANCOL,3,4,36,65
2021-05-18,P. MUARA ANGKE,9,8,530,250
2021-05-18,PARI,6,7,71,175
2021-05-18,PRAMUKA/PANGGANG,1,4,0,0
2021-05-18,SABIRA,0,0,0,0
2021-05-18,TIDUNG/PAYUNG,5,6,52,89
2021-05-18,UNTUNG JAWA,9,9,39,50
2021-05-19,HARAPAN,3,3,12,4
2021-05-19,KELAPA,2,3,10,29
2021-05-19,LANCANG,6,6,61,45
2021-05-19,MARINA ANCOL,5,4,45,89
2021-05-19,P. MUARA ANGKE,10,7,385,334
2021-05-19,PARI,10,9,193,157
2021-05-19,PRAMUKA/PANGGANG,2,2,1,0
2021-05-19,SABIRA,0,0,0,0
2021-05-19,TIDUNG/PAYUNG,6,6,73,110
2021-05-19,UNTUNG JAWA,9,9,98,76
2021-05-20,HARAPAN,1,2,0,0
2021-05-20,KELAPA,3,2,5,11
2021-05-20,LANCANG,6,6,60,46
2021-05-20,MARINA ANCOL,4,4,44,31
2021-05-20,P. MUARA ANGKE,6,11,229,594
2021-05-20,PARI,8,8,201,80
2021-05-20,PRAMUKA/PANGGANG,4,3,10,14
2021-05-20,SABIRA,0,0,0,0
2021-05-20,TIDUNG/PAYUNG,6,6,97,81
2021-05-20,UNTUNG JAWA,8,8,69,77
2021-05-21,HARAPAN,3,2,42,22
2021-05-21,KELAPA,1,2,0,0
2021-05-21,LANCANG,6,6,51,32
2021-05-21,MARINA ANCOL,4,4,50,69
2021-05-21,P. MUARA ANGKE,8,12,467,377
2021-05-21,PARI,9,9,137,149
2021-05-21,PRAMUKA/PANGGANG,2,4,0,0
2021-05-21,SABIRA,1,3,0,0
2021-05-21,TIDUNG/PAYUNG,6,6,124,91
2021-05-21,UNTUNG JAWA,7,7,46,35
2021-05-22,HARAPAN,2,3,12,3
2021-05-22,KELAPA,2,1,19,4
2021-05-22,LANCANG,5,5,71,48
2021-05-22,MARINA ANCOL,2,3,23,168
2021-05-22,P. MUARA ANGKE,15,7,750,207
2021-05-22,PARI,6,9,68,383
2021-05-22,PRAMUKA/PANGGANG,4,2,0,0
2021-05-22,SABIRA,1,0,0,0
2021-05-22,TIDUNG/PAYUNG,7,6,31,159
2021-05-22,UNTUNG JAWA,8,8,81,70
2021-05-23,HARAPAN,2,1,0,0
2021-05-23,KELAPA,2,2,1,0
2021-05-23,LANCANG,6,6,81,49
2021-05-23,MARINA ANCOL,5,4,197,114
2021-05-23,P. MUARA ANGKE,9,14,405,916
2021-05-23,PARI,12,11,540,163
2021-05-23,PRAMUKA/PANGGANG,4,4,7,7
2021-05-23,SABIRA,0,0,0,0
2021-05-23,TIDUNG/PAYUNG,6,7,173,300
2021-05-23,UNTUNG JAWA,8,8,38,35
2021-05-24,HARAPAN,1,1,0,0
2021-05-24,KELAPA,2,1,0,0
2021-05-24,LANCANG,6,6,39,45
2021-05-24,MARINA ANCOL,3,3,33,40
2021-05-24,P. MUARA ANGKE,10,8,229,393
2021-05-24,PARI,6,6,122,101
2021-05-24,PRAMUKA/PANGGANG,2,4,6,4
2021-05-24,SABIRA,0,0,0,0
2021-05-24,TIDUNG/PAYUNG,7,5,222,50
2021-05-24,UNTUNG JAWA,8,8,57,52
2021-05-25,HARAPAN,3,2,17,45
2021-05-25,KELAPA,1,2,0,0
2021-05-25,LANCANG,6,6,27,21
2021-05-25,MARINA ANCOL,5,5,61,101
2021-05-25,P. MUARA ANGKE,7,7,199,176
2021-05-25,PARI,8,8,92,108
2021-05-25,PRAMUKA/PANGGANG,5,5,7,10
2021-05-25,SABIRA,0,0,0,0
2021-05-25,TIDUNG/PAYUNG,5,6,64,72
2021-05-25,UNTUNG JAWA,8,8,34,36
2021-05-26,HARAPAN,2,3,14,2
2021-05-26,KELAPA,3,2,20,25
2021-05-26,LANCANG,6,6,39,32
2021-05-26,MARINA ANCOL,4,4,97,42
2021-05-26,P. MUARA ANGKE,7,6,227,229
2021-05-26,PARI,7,7,141,81
2021-05-26,PRAMUKA/PANGGANG,4,6,5,11
2021-05-26,SABIRA,0,0,0,0
2021-05-26,TIDUNG/PAYUNG,6,5,71,54
2021-05-26,UNTUNG JAWA,7,7,62,58
2021-05-27,HARAPAN,2,1,0,0
2021-05-27,KELAPA,2,3,12,0
2021-05-27,LANCANG,6,6,39,24
2021-05-27,MARINA ANCOL,6,7,62,74
2021-05-27,P. MUARA ANGKE,6,8,151,187
2021-05-27,PARI,9,10,107,90
2021-05-27,PRAMUKA/PANGGANG,6,7,45,36
2021-05-27,SABIRA,1,2,20,40
2021-05-27,TIDUNG/PAYUNG,6,6,60,49
2021-05-27,UNTUNG JAWA,7,7,40,39
2021-05-28,HARAPAN,2,4,0,65
2021-05-28,KELAPA,2,1,0,0
2021-05-28,LANCANG,6,6,54,29
2021-05-28,MARINA ANCOL,6,5,60,65
2021-05-28,P. MUARA ANGKE,6,12,283,124
2021-05-28,PARI,11,8,58,182
2021-05-28,PRAMUKA/PANGGANG,5,6,5,35
2021-05-28,SABIRA,1,0,18,0
2021-05-28,TIDUNG/PAYUNG,5,6,50,77
2021-05-28,UNTUNG JAWA,6,6,43,49
2021-05-29,HARAPAN,4,2,53,4
2021-05-29,KELAPA,2,5,20,61
2021-05-29,LANCANG,6,6,82,39
2021-05-29,MARINA ANCOL,5,5,47,125
2021-05-29,P. MUARA ANGKE,14,5,735,137
2021-05-29,PARI,10,12,102,289
2021-05-29,PRAMUKA/PANGGANG,5,6,7,6
2021-05-29,SABIRA,0,0,0,0
2021-05-29,TIDUNG/PAYUNG,5,6,27,143
2021-05-29,UNTUNG JAWA,8,8,56,58
2021-05-30,HARAPAN,2,4,11,71
2021-05-30,KELAPA,3,2,19,0
2021-05-30,LANCANG,6,3,36,10
2021-05-30,MARINA ANCOL,5,5,148,63
2021-05-30,P. MUARA ANGKE,5,13,291,708
2021-05-30,PARI,10,9,320,154
2021-05-30,PRAMUKA/PANGGANG,3,3,6,19
2021-05-30,SABIRA,0,0,0,0
2021-05-30,TIDUNG/PAYUNG,6,5,154,54
2021-05-30,UNTUNG JAWA,10,10,89,97
2021-05-31,HARAPAN,4,2,44,19
2021-05-31,KELAPA,1,2,0,0
2021-05-31,LANCANG,6,6,45,56
2021-05-31,MARINA ANCOL,3,4,57,66
2021-05-31,P. MUARA ANGKE,12,5,329,268
2021-05-31,PARI,7,8,159,74
2021-05-31,PRAMUKA/PANGGANG,4,4,16,7
2021-05-31,SABIRA,0,0,0,0
2021-05-31,TIDUNG/PAYUNG,5,7,59,138
2021-05-31,UNTUNG JAWA,8,8,43,49
2021-06-01,HARAPAN,2,2,50,21
2021-06-01,KELAPA,4,4,39,92
2021-06-01,LANCANG,5,1,47,41
2021-06-01,MARINA ANCOL,3,3,41,34
2021-06-01,P. MUARA ANGKE,6,8,248,272
2021-06-01,PARI,6,6,109,130
2021-06-01,PRAMUKA/PANGGANG,6,5,67,77
2021-06-01,SABIRA,2,1,5,0
2021-06-01,TIDUNG/PAYUNG,5,5,50,50
2021-06-01,UNTUNG JAWA,8,8,56,46
2021-06-02,HARAPAN,1,0,21,0
2021-06-02,KELAPA,3,4,40,61
2021-06-02,LANCANG,6,6,39,29
2021-06-02,MARINA ANCOL,2,3,78,72
2021-06-02,P. MUARA ANGKE,8,5,211,147
2021-06-02,PARI,5,5,106,107
2021-06-02,PRAMUKA/PANGGANG,5,5,75,105
2021-06-02,SABIRA,0,1,0,2
2021-06-02,TIDUNG/PAYUNG,5,7,92,65
2021-06-02,UNTUNG JAWA,8,8,44,40
2021-06-03,HARAPAN,0,4,0,74
2021-06-03,KELAPA,4,3,56,114
2021-06-03,LANCANG,6,2,37,0
2021-06-03,MARINA ANCOL,4,4,74,34
2021-06-03,P. MUARA ANGKE,5,8,206,202
2021-06-03,PARI,7,7,117,90
2021-06-03,PRAMUKA/PANGGANG,4,6,35,30
2021-06-03,SABIRA,0,1,0,6
2021-06-03,TIDUNG/PAYUNG,5,5,57,47
2021-06-03,UNTUNG JAWA,7,7,49,54
2021-06-04,HARAPAN,1,1,27,3
2021-06-04,KELAPA,3,3,34,38
2021-06-04,LANCANG,6,6,63,22
2021-06-04,MARINA ANCOL,3,3,17,15
2021-06-04,P. MUARA ANGKE,6,10,244,209
2021-06-04,PARI,6,6,69,66
2021-06-04,PRAMUKA/PANGGANG,3,4,74,47
2021-06-04,SABIRA,1,0,13,0
2021-06-04,TIDUNG/PAYUNG,6,6,60,54
2021-06-04,UNTUNG JAWA,7,7,67,51
2021-06-05,HARAPAN,1,2,8,22
2021-06-05,KELAPA,4,5,51,33
2021-06-05,LANCANG,6,6,59,28
2021-06-05,MARINA ANCOL,4,5,29,157
2021-06-05,P. MUARA ANGKE,13,5,731,149
2021-06-05,PARI,8,9,50,246
2021-06-05,PRAMUKA/PANGGANG,5,5,66,106
2021-06-05,SABIRA,0,1,0,9
2021-06-05,TIDUNG/PAYUNG,5,8,36,254
2021-06-05,UNTUNG JAWA,9,9,82,65
2021-06-06,HARAPAN,2,2,17,11
2021-06-06,KELAPA,3,3,49,63
2021-06-06,LANCANG,6,2,85,37
2021-06-06,MARINA ANCOL,5,5,209,92
2021-06-06,P. MUARA ANGKE,5,13,163,762
2021-06-06,PARI,9,9,260,100
2021-06-06,PRAMUKA/PANGGANG,6,5,190,82
2021-06-06,SABIRA,1,0,12,0
2021-06-06,TIDUNG/PAYUNG,6,5,247,63
2021-06-06,UNTUNG JAWA,12,12,82,92
2021-06-07,HARAPAN,0,3,0,27
2021-06-07,KELAPA,3,2,62,60
2021-06-07,LANCANG,6,6,50,33
2021-06-07,MARINA ANCOL,2,2,33,27
2021-06-07,P. MUARA ANGKE,11,5,249,159
2021-06-07,PARI,5,5,89,44
2021-06-07,PRAMUKA/PANGGANG,5,6,77,143
2021-06-07,SABIRA,0,1,0,27
2021-06-07,TIDUNG/PAYUNG,5,6,36,66
2021-06-07,UNTUNG JAWA,7,7,68,70
2021-06-08,HARAPAN,3,0,69,0
2021-06-08,KELAPA,3,4,50,107
2021-06-08,LANCANG,6,6,46,31
2021-06-08,MARINA ANCOL,3,3,22,26
2021-06-08,P. MUARA ANGKE,7,6,216,134
2021-06-08,PARI,6,6,43,50
2021-06-08,PRAMUKA/PANGGANG,5,6,65,76
2021-06-08,SABIRA,1,0,4,0
2021-06-08,TIDUNG/PAYUNG,5,5,38,40
2021-06-08,UNTUNG JAWA,7,7,39,45
2021-06-09,HARAPAN,0,1,0,7
2021-06-09,KELAPA,4,3,35,91
2021-06-09,LANCANG,6,6,55,24
2021-06-09,MARINA ANCOL,3,3,20,62
2021-06-09,P. MUARA ANGKE,6,6,198,104
2021-06-09,PARI,5,5,43,87
2021-06-09,PRAMUKA/PANGGANG,5,7,85,132
2021-06-09,SABIRA,0,1,0,4
2021-06-09,TIDUNG/PAYUNG,6,6,41,49
2021-06-09,UNTUNG JAWA,8,8,52,57
2021-06-10,HARAPAN,1,1,15,21
2021-06-10,KELAPA,4,4,48,49
2021-06-10,LANCANG,6,6,43,31
2021-06-10,MARINA ANCOL,3,4,7,61
2021-06-10,P. MUARA ANGKE,6,6,196,155
2021-06-10,PARI,7,6,48,63
2021-06-10,PRAMUKA/PANGGANG,5,5,77,72
2021-06-10,SABIRA,1,1,8,13
2021-06-10,TIDUNG/PAYUNG,5,7,19,97
2021-06-10,UNTUNG JAWA,8,8,40,42
2021-06-11,HARAPAN,3,0,159,0
2021-06-11,KELAPA,2,5,24,55
2021-06-11,LANCANG,6,6,51,31
2021-06-11,MARINA ANCOL,4,4,65,26
2021-06-11,P. MUARA ANGKE,5,14,231,214
2021-06-11,PARI,6,6,118,75
2021-06-11,PRAMUKA/PANGGANG,5,7,60,213
2021-06-11,SABIRA,0,0,0,0
2021-06-11,TIDUNG/PAYUNG,8,6,46,36
2021-06-11,UNTUNG JAWA,8,8,50,58
2021-06-12,HARAPAN,1,6,276,19
2021-06-12,KELAPA,4,3,31,45
2021-06-12,LANCANG,6,6,45,29
2021-06-12,MARINA ANCOL,5,5,63,218
2021-06-12,P. MUARA ANGKE,13,4,583,94
2021-06-12,PARI,7,10,85,301
2021-06-12,PRAMUKA/PANGGANG,5,6,66,71
2021-06-12,SABIRA,1,1,15,6
2021-06-12,TIDUNG/PAYUNG,6,7,18,198
2021-06-12,UNTUNG JAWA,8,8,84,78
2021-06-13,HARAPAN,0,3,0,27
2021-06-13,KELAPA,3,2,62,60
2021-06-13,LANCANG,6,6,66,38
2021-06-13,MARINA ANCOL,6,4,282,41
2021-06-13,P. MUARA ANGKE,4,11,166,695
2021-06-13,PARI,10,8,353,96
2021-06-13,PRAMUKA/PANGGANG,5,6,77,143
2021-06-13,SABIRA,0,1,0,27
2021-06-13,TIDUNG/PAYUNG,7,5,249,53
2021-06-13,UNTUNG JAWA,10,10,73,73
2021-06-14,HARAPAN,0,3,3,9
2021-06-14,KELAPA,2,3,46,50
2021-06-14,LANCANG,6,6,53,27
2021-06-14,MARINA ANCOL,3,3,44,34
2021-06-14,P. MUARA ANGKE,10,5,199,191
2021-06-14,PARI,6,6,91,77
2021-06-14,PRAMUKA/PANGGANG,5,5,123,91
2021-06-14,SABIRA,1,2,15,19
2021-06-14,TIDUNG/PAYUNG,5,6,42,35
2021-06-14,UNTUNG JAWA,6,6,46,38
2021-06-15,HARAPAN,1,1,18,24
2021-06-15,KELAPA,3,3,39,31
2021-06-15,LANCANG,6,6,28,24
2021-06-15,MARINA ANCOL,3,3,8,16
2021-06-15,P. MUARA ANGKE,5,8,139,145
2021-06-15,PARI,6,6,66,38
2021-06-15,PRAMUKA/PANGGANG,5,5,55,90
2021-06-15,SABIRA,1,0,10,0
2021-06-15,TIDUNG/PAYUNG,5,6,23,39
2021-06-15,UNTUNG JAWA,7,7,41,49
2021-06-16,HARAPAN,2,1,10,2
2021-06-16,KELAPA,3,2,19,56
2021-06-16,LANCANG,6,6,40,24
2021-06-16,MARINA ANCOL,3,4,16,89
2021-06-16,P. MUARA ANGKE,7,5,186,89
2021-06-16,PARI,7,6,51,50
2021-06-16,PRAMUKA/PANGGANG,5,5,66,70
2021-06-16,SABIRA,0,1,0,6
2021-06-16,TIDUNG/PAYUNG,5,7,16,114
2021-06-16,UNTUNG JAWA,7,7,48,49
2021-06-17,HARAPAN,1,1,15,13
2021-06-17,KELAPA,3,3,37,24
2021-06-17,LANCANG,6,6,29,17
2021-06-17,MARINA ANCOL,5,5,82,44
2021-06-17,P. MUARA ANGKE,4,7,114,164
2021-06-17,PARI,9,8,82,77
2021-06-17,PRAMUKA/PANGGANG,6,5,54,64
2021-06-17,SABIRA,1,0,9,0
2021-06-17,TIDUNG/PAYUNG,6,5,99,35
2021-06-17,UNTUNG JAWA,7,7,67,62
2021-06-18,HARAPAN,2,3,8,26
2021-06-18,KELAPA,2,2,13,83
2021-06-18,LANCANG,6,6,35,31
2021-06-18,MARINA ANCOL,3,3,42,33
2021-06-18,P. MUARA ANGKE,5,10,220,98
2021-06-18,PARI,8,6,65,67
2021-06-18,PRAMUKA/PANGGANG,5,5,75,125
2021-06-18,SABIRA,0,0,0,0
2021-06-18,TIDUNG/PAYUNG,6,6,21,79
2021-06-18,UNTUNG JAWA,6,6,23,27
2021-06-19,HARAPAN,1,4,12,135
2021-06-19,KELAPA,3,4,33,107
2021-06-19,LANCANG,6,6,40,40
2021-06-19,MARINA ANCOL,4,5,39,120
2021-06-19,P. MUARA ANGKE,12,6,537,112
2021-06-19,PARI,8,9,73,201
2021-06-19,PRAMUKA/PANGGANG,5,9,61,230
2021-06-19,SABIRA,0,1,0,5
2021-06-19,TIDUNG/PAYUNG,6,8,31,151
2021-06-19,UNTUNG JAWA,7,7,45,35
2021-06-20,HARAPAN,3,1,190,12
2021-06-20,KELAPA,3,3,26,62
2021-06-20,LANCANG,6,6,42,31
2021-06-20,MARINA ANCOL,6,6,153,77
2021-06-20,P. MUARA ANGKE,6,10,106,488
2021-06-20,PARI,9,9,234,97
2021-06-20,PRAMUKA/PANGGANG,7,5,237,56
2021-06-20,SABIRA,1,0,15,0
2021-06-20,TIDUNG/PAYUNG,6,6,126,32
2021-06-20,UNTUNG JAWA,8,8,63,55
2021-06-21,HARAPAN,1,2,3,23
2021-06-21,KELAPA,3,3,39,39
2021-06-21,LANCANG,6,6,33,34
2021-06-21,MARINA ANCOL,3,3,36,16
2021-06-21,P. MUARA ANGKE,9,5,184,136
2021-06-21,PARI,6,7,69,48
2021-06-21,PRAMUKA/PANGGANG,5,5,72,111
2021-06-21,SABIRA,0,1,0,3
2021-06-21,TIDUNG/PAYUNG,6,6,54,29
2021-06-21,UNTUNG JAWA,7,7,32,33
2021-06-22,HARAPAN,0,2,0,15
2021-06-22,KELAPA,3,3,27,30
2021-06-22,LANCANG,6,6,36,16
2021-06-22,MARINA ANCOL,2,2,15,42
2021-06-22,P. MUARA ANGKE,5,6,113,78
2021-06-22,PARI,5,5,32,19
2021-06-22,PRAMUKA/PANGGANG,5,5,47,107
2021-06-22,SABIRA,1,0,5,0
2021-06-22,TIDUNG/PAYUNG,5,6,15,71
2021-06-22,UNTUNG JAWA,7,7,42,42
2021-06-23,HARAPAN,0,2,0,63
2021-06-23,KELAPA,3,3,10,40
2021-06-23,LANCANG,6,6,41,35
2021-06-23,MARINA ANCOL,3,3,26,44
2021-06-23,P. MUARA ANGKE,6,4,169,77
2021-06-23,PARI,7,7,59,56
2021-06-23,PRAMUKA/PANGGANG,6,5,59,58
2021-06-23,SABIRA,0,1,0,2
2021-06-23,TIDUNG/PAYUNG,5,5,22,55
2021-06-23,UNTUNG JAWA,7,7,40,41
2021-06-24,HARAPAN,1,2,3,26
2021-06-24,KELAPA,3,3,26,51
2021-06-24,LANCANG,6,6,38,25
2021-06-24,MARINA ANCOL,2,2,24,2
2021-06-24,P. MUARA ANGKE,4,7,86,135
2021-06-24,PARI,6,5,18,22
2021-06-24,PRAMUKA/PANGGANG,5,5,42,72
2021-06-24,SABIRA,1,0,3,0
2021-06-24,TIDUNG/PAYUNG,5,5,40,17
2021-06-24,UNTUNG JAWA,7,7,48,43
2021-06-25,HARAPAN,2,4,33,26
2021-06-25,KELAPA,1,2,26,46
2021-06-25,LANCANG,6,6,49,17
2021-06-25,MARINA ANCOL,3,3,16,35
2021-06-25,P. MUARA ANGKE,5,8,144,141
2021-06-25,PARI,7,6,32,78
2021-06-25,PRAMUKA/PANGGANG,5,5,68,85
2021-06-25,SABIRA,0,1,0,12
2021-06-25,TIDUNG/PAYUNG,6,5,33,49
2021-06-25,UNTUNG JAWA,7,7,34,32
2021-06-26,HARAPAN,0,3,0,55
2021-06-26,KELAPA,3,2,28,31
2021-06-26,LANCANG,6,6,47,25
2021-06-26,MARINA ANCOL,2,2,28,21
2021-06-26,P. MUARA ANGKE,11,5,273,93
2021-06-26,PARI,6,6,69,49
2021-06-26,PRAMUKA/PANGGANG,5,5,25,99
2021-06-26,SABIRA,1,1,12,9
2021-06-26,TIDUNG/PAYUNG,5,6,33,100
2021-06-26,UNTUNG JAWA,7,7,34,27
2021-06-27,HARAPAN,2,0,88,0
2021-06-27,KELAPA,3,3,36,50
2021-06-27,LANCANG,6,6,53,1
2021-06-27,MARINA ANCOL,2,2,18,12
2021-06-27,P. MUARA ANGKE,5,7,137,223
2021-06-27,PARI,5,6,58,51
2021-06-27,PRAMUKA/PANGGANG,6,5,141,48
2021-06-27,SABIRA,1,0,10,0
2021-06-27,TIDUNG/PAYUNG,6,5,72,39
2021-06-27,UNTUNG JAWA,7,7,31,30
2021-06-28,HARAPAN,1,2,8,15
2021-06-28,KELAPA,3,3,26,77
2021-06-28,LANCANG,6,6,27,23
2021-06-28,MARINA ANCOL,3,3,15,12
2021-06-28,P. MUARA ANGKE,6,4,132,94
2021-06-28,PARI,6,6,35,25
2021-06-28,PRAMUKA/PANGGANG,5,5,43,121
2021-06-28,SABIRA,0,1,0,3
2021-06-28,TIDUNG/PAYUNG,5,6,31,38
2021-06-28,UNTUNG JAWA,7,7,37,31
2021-06-29,HARAPAN,1,2,5,4
2021-06-29,KELAPA,3,3,31,40
2021-06-29,LANCANG,6,6,17,12
2021-06-29,MARINA ANCOL,2,2,1,13
2021-06-29,P. MUARA ANGKE,4,5,87,74
2021-06-29,PARI,5,5,5,26
2021-06-29,PRAMUKA/PANGGANG,5,5,27,42
2021-06-29,SABIRA,2,0,18,0
2021-06-29,TIDUNG/PAYUNG,5,5,16,16
2021-06-29,UNTUNG JAWA,7,7,28,29
2021-06-30,HARAPAN,0,1,0,8
2021-06-30,KELAPA,3,3,24,22
2021-06-30,LANCANG,5,5,16,20
2021-06-30,MARINA ANCOL,2,2,13,12
2021-06-30,P. MUARA ANGKE,5,4,74,59
2021-06-30,PARI,5,5,19,27
2021-06-30,PRAMUKA/PANGGANG,5,5,34,63
2021-06-30,SABIRA,0,1,0,2
2021-06-30,TIDUNG/PAYUNG,5,5,14,36
2021-06-30,UNTUNG JAWA,7,7,40,37
2021-07-01,HARAPAN,1,1,4,4
2021-07-01,KELAPA,5,4,73,39
2021-07-01,LANCANG,5,5,24,17
2021-07-01,MARINA ANCOL,1,1,7,1
2021-07-01,P. MUARA ANGKE,4,5,54,111
2021-07-01,PARI,4,4,17,14
2021-07-01,PRAMUKA/PANGGANG,6,4,62,61
2021-07-01,SABIRA,0,1,0,9
2021-07-01,TIDUNG/PAYUNG,5,5,19,10
2021-07-01,UNTUNG JAWA,7,7,28,29
2021-07-02,HARAPAN,1,2,4,12
2021-07-02,KELAPA,3,6,62,73
2021-07-02,LANCANG,5,5,25,14
2021-07-02,MARINA ANCOL,5,5,82,62
2021-07-02,P. MUARA ANGKE,4,4,132,78
2021-07-02,PARI,8,8,94,86
2021-07-02,PRAMUKA/PANGGANG,4,5,73,55
2021-07-02,SABIRA,1,1,4,3
2021-07-02,TIDUNG/PAYUNG,5,5,30,33
2021-07-02,UNTUNG JAWA,6,6,22,25
2021-07-03,HARAPAN,3,2,23,6
2021-07-03,KELAPA,3,2,31,110
2021-07-03,LANCANG,5,5,33,26
2021-07-03,MARINA ANCOL,2,2,6,24
2021-07-03,P. MUARA ANGKE,6,3,212,47
2021-07-03,PARI,5,5,8,68
2021-07-03,PRAMUKA/PANGGANG,5,4,75,68
2021-07-03,SABIRA,2,1,11,8
2021-07-03,TIDUNG/PAYUNG,5,5,21,30
2021-07-03,UNTUNG JAWA,8,8,57,56
2021-07-04,HARAPAN,1,4,6,304
2021-07-04,KELAPA,4,5,78,98
2021-07-04,LANCANG,6,6,29,22
2021-07-04,MARINA ANCOL,2,2,18,1
2021-07-04,P. MUARA ANGKE,3,6,35,148
2021-07-04,PARI,6,6,58,3
2021-07-04,PRAMUKA/PANGGANG,5,8,76,309
2021-07-04,SABIRA,0,1,0,7
2021-07-04,TIDUNG/PAYUNG,5,5,24,9
2021-07-04,UNTUNG JAWA,7,7,29,31
2021-07-05,HARAPAN,4,2,312,12
2021-07-05,KELAPA,4,4,89,83
2021-07-05,LANCANG,6,6,23,28
2021-07-05,MARINA ANCOL,2,2,2,17
2021-07-05,P. MUARA ANGKE,5,3,90,46
2021-07-05,PARI,4,4,6,12
2021-07-05,PRAMUKA/PANGGANG,9,5,392,110
2021-07-05,SABIRA,1,0,15,0
2021-07-05,TIDUNG/PAYUNG,5,5,9,32
2021-07-05,UNTUNG JAWA,7,7,19,22
2021-07-06,HARAPAN,1,4,6,23
2021-07-06,KELAPA,3,4,118,72
2021-07-06,LANCANG,6,6,15,22
2021-07-06,MARINA ANCOL,1,1,3,5
2021-07-06,P. MUARA ANGKE,3,4,39,36
2021-07-06,PARI,3,3,7,8
2021-07-06,PRAMUKA/PANGGANG,5,6,76,100
2021-07-06,SABIRA,0,1,0,7
2021-07-06,TIDUNG/PAYUNG,5,5,7,11
2021-07-06,UNTUNG JAWA,7,7,27,23
2021-07-07,HARAPAN,2,1,3,8
2021-07-07,KELAPA,3,3,69,71
2021-07-07,LANCANG,6,6,11,16
2021-07-07,MARINA ANCOL,2,2,3,8
2021-07-07,P. MUARA ANGKE,4,3,35,24
2021-07-07,PARI,4,4,7,7
2021-07-07,PRAMUKA/PANGGANG,6,5,81,128
2021-07-07,SABIRA,1,0,4,0
2021-07-07,TIDUNG/PAYUNG,5,5,10,13
2021-07-07,UNTUNG JAWA,7,7,27,25
2021-07-08,HARAPAN,1,1,7,0
2021-07-08,KELAPA,4,4,72,51
2021-07-08,LANCANG,6,6,31,21
2021-07-08,MARINA ANCOL,0,0,0,0
2021-07-08,P. MUARA ANGKE,3,4,30,47
2021-07-08,PARI,3,3,5,1
2021-07-08,PRAMUKA/PANGGANG,5,6,82,56
2021-07-08,SABIRA,0,1,0,7
2021-07-08,TIDUNG/PAYUNG,4,4,5,8
2021-07-08,UNTUNG JAWA,7,7,12,24
2021-07-09,HARAPAN,2,1,19,2
2021-07-09,KELAPA,5,4,74,51
2021-07-09,LANCANG,6,6,37,25
2021-07-09,MARINA ANCOL,0,0,0,0
2021-07-09,P. MUARA ANGKE,3,4,32,39
2021-07-09,PARI,3,3,5,1
2021-07-09,PRAMUKA/PANGGANG,7,5,65,71
2021-07-09,SABIRA,1,0,14,0
2021-07-09,TIDUNG/PAYUNG,4,4,9,19
2021-07-09,UNTUNG JAWA,7,7,25,23
2021-07-10,HARAPAN,4,1,30,17
2021-07-10,KELAPA,3,4,54,95
2021-07-10,LANCANG,5,5,13,10
2021-07-10,MARINA ANCOL,0,0,0,0
2021-07-10,P. MUARA ANGKE,5,2,55,25
2021-07-10,PARI,3,3,7,5
2021-07-10,PRAMUKA/PANGGANG,5,5,74,112
2021-07-10,SABIRA,0,0,0,0
2021-07-10,TIDUNG/PAYUNG,4,4,3,15
2021-07-10,UNTUNG JAWA,7,7,29,33
2021-07-11,HARAPAN,2,6,25,265
2021-07-11,KELAPA,4,3,62,62
2021-07-11,LANCANG,6,6,14,11
2021-07-11,MARINA ANCOL,0,0,0,0
2021-07-11,P. MUARA ANGKE,2,3,17,39
2021-07-11,PARI,3,3,2,3
2021-07-11,PRAMUKA/PANGGANG,5,11,65,418
2021-07-11,SABIRA,0,1,0,12
2021-07-11,TIDUNG/PAYUNG,4,4,11,3
2021-07-11,UNTUNG JAWA,7,7,24,27
2021-07-12,HARAPAN,3,0,307,0
2021-07-12,KELAPA,3,5,52,117
2021-07-12,LANCANG,6,6,20,30
2021-07-12,MARINA ANCOL,0,0,0,0
2021-07-12,P. MUARA ANGKE,3,3,45,24
2021-07-12,PARI,3,3,5,3
2021-07-12,PRAMUKA/PANGGANG,7,6,328,73
2021-07-12,SABIRA,1,0,9,0
2021-07-12,TIDUNG/PAYUNG,4,4,6,17
2021-07-12,UNTUNG JAWA,6,6,20,21
2021-07-13,HARAPAN,1,4,14,25
2021-07-13,KELAPA,5,4,82,80
2021-07-13,LANCANG,2,2,0,0
2021-07-13,MARINA ANCOL,0,0,0,0
2021-07-13,P. MUARA ANGKE,3,3,18,30
2021-07-13,PARI,2,2,0,0
2021-07-13,PRAMUKA/PANGGANG,6,8,64,132
2021-07-13,SABIRA,0,1,0,10
2021-07-13,TIDUNG/PAYUNG,4,4,11,3
2021-07-13,UNTUNG JAWA,6,6,17,19
2021-07-14,HARAPAN,0,3,0,2
2021-07-14,KELAPA,3,4,42,88
2021-07-14,LANCANG,6,6,25,18
2021-07-14,MARINA ANCOL,0,0,0,0
2021-07-14,P. MUARA ANGKE,3,3,27,9
2021-07-14,PARI,2,2,0,1
2021-07-14,PRAMUKA/PANGGANG,6,5,87,54
2021-07-14,SABIRA,1,0,4,0
2021-07-14,TIDUNG/PAYUNG,4,4,4,1
2021-07-14,UNTUNG JAWA,6,6,22,20
2021-07-15,HARAPAN,3,1,13,7
2021-07-15,KELAPA,3,3,46,58
2021-07-15,LANCANG,6,6,11,9
2021-07-15,MARINA ANCOL,0,0,0,0
2021-07-15,P. MUARA ANGKE,3,4,14,29
2021-07-15,PARI,2,2,0,0
2021-07-15,PRAMUKA/PANGGANG,6,5,42,65
2021-07-15,SABIRA,0,3,0,21
2021-07-15,TIDUNG/PAYUNG,4,4,5,3
2021-07-15,UNTUNG JAWA,6,6,24,25
2021-07-16,HARAPAN,2,3,35,67
2021-07-16,KELAPA,4,3,42,46
2021-07-16,LANCANG,6,6,24,15
2021-07-16,MARINA ANCOL,0,0,0,0
2021-07-16,P. MUARA ANGKE,3,3,38,43
2021-07-16,PARI,3,3,3,6
2021-07-16,PRAMUKA/PANGGANG,5,4,48,39
2021-07-16,SABIRA,4,1,29,10
2021-07-16,TIDUNG/PAYUNG,4,4,10,7
2021-07-16,UNTUNG JAWA,6,6,29,25
2021-07-17,HARAPAN,1,0,15,0
2021-07-17,KELAPA,1,3,29,109
2021-07-17,LANCANG,6,6,22,13
2021-07-17,MARINA ANCOL,0,0,0,0
2021-07-17,P. MUARA ANGKE,4,6,61,42
2021-07-17,PARI,2,2,1,0
2021-07-17,PRAMUKA/PANGGANG,5,5,53,87
2021-07-17,SABIRA,0,1,0,5
2021-07-17,TIDUNG/PAYUNG,4,4,5,11
2021-07-17,UNTUNG JAWA,6,6,34,29
2021-07-18,HARAPAN,1,6,37,272
2021-07-18,KELAPA,3,3,48,55
2021-07-18,LANCANG,6,6,21,21
2021-07-18,MARINA ANCOL,0,0,0,0
2021-07-18,P. MUARA ANGKE,4,4,32,47
2021-07-18,PARI,3,3,5,10
2021-07-18,PRAMUKA/PANGGANG,5,9,37,223
2021-07-18,SABIRA,1,2,4,11
2021-07-18,TIDUNG/PAYUNG,4,4,10,2
2021-07-18,UNTUNG JAWA,6,6,23,23
2021-07-19,HARAPAN,6,0,279,0
2021-07-19,KELAPA,4,3,53,51
2021-07-19,LANCANG,6,6,29,30
2021-07-19,MARINA ANCOL,0,0,0,0
2021-07-19,P. MUARA ANGKE,6,3,76,31
2021-07-19,PARI,3,3,3,10
2021-07-19,PRAMUKA/PANGGANG,7,5,307,81
2021-07-19,SABIRA,1,0,16,0
2021-07-19,TIDUNG/PAYUNG,4,4,16,20
2021-07-19,UNTUNG JAWA,6,6,33,32
2021-07-20,HARAPAN,0,3,0,25
2021-07-20,KELAPA,5,5,59,69
2021-07-20,LANCANG,1,1,16,5
2021-07-20,MARINA ANCOL,0,0,0,0
2021-07-20,P. MUARA ANGKE,0,0,0,0
2021-07-20,PARI,0,0,0,0
2021-07-20,PRAMUKA/PANGGANG,5,6,62,109
2021-07-20,SABIRA,0,1,0,10
2021-07-20,TIDUNG/PAYUNG,0,0,0,0
2021-07-20,UNTUNG JAWA,2,2,15,17
2021-07-21,HARAPAN,1,1,3,6
2021-07-21,KELAPA,4,3,78,55
2021-07-21,LANCANG,6,6,29,19
2021-07-21,MARINA ANCOL,0,0,0,0
2021-07-21,P. MUARA ANGKE,4,4,54,79
2021-07-21,PARI,3,3,3,8
2021-07-21,PRAMUKA/PANGGANG,5,5,56,49
2021-07-21,SABIRA,2,1,17,8
2021-07-21,TIDUNG/PAYUNG,5,4,17,21
2021-07-21,UNTUNG JAWA,6,6,41,46
2021-07-22,HARAPAN,1,1,4,0
2021-07-22,KELAPA,5,5,53,41
2021-07-22,LANCANG,6,6,37,23
2021-07-22,MARINA ANCOL,1,1,0,7
2021-07-22,P. MUARA ANGKE,4,5,37,77
2021-07-22,PARI,3,3,4,10
2021-07-22,PRAMUKA/PANGGANG,5,6,51,43
2021-07-22,SABIRA,0,1,0,9
2021-07-22,TIDUNG/PAYUNG,4,4,12,7
2021-07-22,UNTUNG JAWA,6,6,33,35
2021-07-23,HARAPAN,1,2,3,19
2021-07-23,KELAPA,3,3,52,57
2021-07-23,LANCANG,6,6,26,16
2021-07-23,MARINA ANCOL,0,0,0,0
2021-07-23,P. MUARA ANGKE,4,4,32,57
2021-07-23,PARI,3,3,7,12
2021-07-23,PRAMUKA/PANGGANG,5,5,51,62
2021-07-23,SABIRA,1,0,11,0
2021-07-23,TIDUNG/PAYUNG,4,4,18,9
2021-07-23,UNTUNG JAWA,6,6,32,35
2021-07-24,HARAPAN,1,1,3,1
2021-07-24,KELAPA,3,3,53,53
2021-07-24,LANCANG,6,6,30,16
2021-07-24,MARINA ANCOL,0,0,0,0
2021-07-24,P. MUARA ANGKE,5,3,60,37
2021-07-24,PARI,2,2,5,3
2021-07-24,PRAMUKA/PANGGANG,5,6,82,86
2021-07-24,SABIRA,0,0,0,0
2021-07-24,TIDUNG/PAYUNG,4,4,5,9
2021-07-24,UNTUNG JAWA,6,6,31,33
2021-07-25,HARAPAN,0,6,0,342
2021-07-25,KELAPA,4,3,37,81
2021-07-25,LANCANG,6,6,34,26
2021-07-25,MARINA ANCOL,0,0,0,0
2021-07-25,P. MUARA ANGKE,3,6,39,97
2021-07-25,PARI,3,10,17,5
2021-07-25,PRAMUKA/PANGGANG,6,6,46,214
2021-07-25,SABIRA,0,1,0,8
2021-07-25,TIDUNG/PAYUNG,4,4,19,11
2021-07-25,UNTUNG JAWA,6,6,52,47
2021-07-26,HARAPAN,4,1,358,36
2021-07-26,KELAPA,3,4,68,74
2021-07-26,LANCANG,6,6,34,28
2021-07-26,MARINA ANCOL,0,0,0,0
2021-07-26,P. MUARA ANGKE,5,4,69,63
2021-07-26,PARI,2,2,2,8
2021-07-26,PRAMUKA/PANGGANG,8,5,282,74
2021-07-26,SABIRA,1,0,10,0
2021-07-26,TIDUNG/PAYUNG,4,4,13,16
2021-07-26,UNTUNG JAWA,6,6,40,36
2021-07-27,HARAPAN,1,2,6,3
2021-07-27,KELAPA,4,3,44,48
2021-07-27,LANCANG,6,6,20,20
2021-07-27,MARINA ANCOL,0,0,0,0
2021-07-27,P. MUARA ANGKE,5,5,32,50
2021-07-27,PARI,3,3,13,11
2021-07-27,PRAMUKA/PANGGANG,6,5,79,92
2021-07-27,SABIRA,1,2,17,22
2021-07-27,TIDUNG/PAYUNG,4,4,11,7
2021-07-27,UNTUNG JAWA,6,6,30,31
2021-07-28,HARAPAN,2,0,34,0
2021-07-28,KELAPA,3,3,58,37
2021-07-28,LANCANG,6,6,34,25
2021-07-28,MARINA ANCOL,0,0,0,0
2021-07-28,P. MUARA ANGKE,5,5,59,33
2021-07-28,PARI,2,2,2,2
2021-07-28,PRAMUKA/PANGGANG,5,5,43,50
2021-07-28,SABIRA,1,0,8,0
2021-07-28,TIDUNG/PAYUNG,4,4,8,12
2021-07-28,UNTUNG JAWA,6,6,41,58
2021-07-29,HARAPAN,1,2,4,13
2021-07-29,KELAPA,3,3,69,69
2021-07-29,LANCANG,6,6,21,17
2021-07-29,MARINA ANCOL,0,0,0,0
2021-07-29,P. MUARA ANGKE,4,4,45,24
2021-07-29,PARI,3,3,3,9
2021-07-29,PRAMUKA/PANGGANG,5,5,54,75
2021-07-29,SABIRA,0,1,0,4
2021-07-29,TIDUNG/PAYUNG,4,4,4,16
2021-07-29,UNTUNG JAWA,6,6,37,34
2021-07-30,HARAPAN,4,1,18,4
2021-07-30,KELAPA,3,3,35,66
2021-07-30,LANCANG,6,6,37,19
2021-07-30,MARINA ANCOL,0,0,0,0
2021-07-30,P. MUARA ANGKE,4,5,41,52
2021-07-30,PARI,2,2,4,3
2021-07-30,PRAMUKA/PANGGANG,5,5,62,87
2021-07-30,SABIRA,1,0,5,0
2021-07-30,TIDUNG/PAYUNG,4,4,13,13
2021-07-30,UNTUNG JAWA,6,6,24,26
2021-07-31,HARAPAN,4,4,10,227
2021-07-31,KELAPA,0,2,0,68
2021-07-31,LANCANG,6,6,26,12
2021-07-31,MARINA ANCOL,0,0,0,0
2021-07-31,P. MUARA ANGKE,5,4,61,48
2021-07-31,PARI,3,3,9,8
2021-07-31,PRAMUKA/PANGGANG,5,8,27,123
2021-07-31,SABIRA,0,0,0,0
2021-07-31,TIDUNG/PAYUNG,4,4,4,11
2021-07-31,UNTUNG JAWA,6,6,54,79
